time_ps,eta_A,abs_eta_A,running_mean_A,running_abs_mean_A
0.000000,1.44764343,1.44764343,1.44764343,1.44764343
0.040000,1.43327617,1.43327617,1.44045980,1.44045980
0.080000,1.38438134,1.38438134,1.42176698,1.42176698
0.120000,1.34442007,1.34442007,1.40243025,1.40243025
0.160000,1.31389008,1.31389008,1.38472222,1.38472222
0.200000,1.30127427,1.30127427,1.37081423,1.37081423
0.240000,1.27431610,1.27431610,1.35702878,1.35702878
0.280000,1.24428693,1.24428693,1.34293605,1.34293605
0.320000,1.22210089,1.22210089,1.32950992,1.32950992
0.360000,1.20997456,1.20997456,1.31755638,1.31755638
0.400000,1.19667426,1.19667426,1.30656710,1.30656710
0.440000,1.18798463,1.18798463,1.29668523,1.29668523
0.480000,1.18503231,1.18503231,1.28809654,1.28809654
0.520000,1.19040675,1.19040675,1.28111870,1.28111870
0.560000,1.20409518,1.20409518,1.27598380,1.27598380
0.600000,1.22256651,1.22256651,1.27264522,1.27264522
0.640000,1.26414335,1.26414335,1.27214511,1.27214511
0.680000,1.28996007,1.28996007,1.27313483,1.27313483
0.720000,1.30110960,1.30110960,1.27460718,1.27460718
0.760000,1.29855056,1.29855056,1.27580435,1.27580435
0.800000,1.28079795,1.28079795,1.27604214,1.27604214
0.840000,1.25101357,1.25101357,1.27490448,1.27490448
0.880000,1.24014511,1.24014511,1.27339320,1.27339320
0.920000,1.21937916,1.21937916,1.27114262,1.27114262
0.960000,1.19976586,1.19976586,1.26828755,1.26828755
1.000000,1.17408708,1.17408708,1.26466445,1.26466445
1.040000,1.17118226,1.17118226,1.26120215,1.26120215
1.080000,1.17035981,1.17035981,1.25795778,1.25795778
1.120000,1.16875748,1.16875748,1.25488191,1.25488191
1.160000,1.15756300,1.15756300,1.25163794,1.25163794
1.200000,1.15498462,1.15498462,1.24852010,1.24852010
1.240000,1.12374309,1.12374309,1.24462081,1.24462081
1.280000,1.10126544,1.10126544,1.24027671,1.24027671
1.320000,1.08592224,1.08592224,1.23573687,1.23573687
1.360000,1.09205783,1.09205783,1.23163176,1.23163176
1.400000,1.10629322,1.10629322,1.22815013,1.22815013
1.440000,1.13492813,1.13492813,1.22563062,1.22563062
1.480000,1.15787937,1.15787937,1.22384769,1.22384769
1.520000,1.15177543,1.15177543,1.22199968,1.22199968
1.560000,1.11377109,1.11377109,1.21929397,1.21929397
1.600000,1.09379023,1.09379023,1.21623290,1.21623290
1.640000,1.07957241,1.07957241,1.21297908,1.21297908
1.680000,1.06871316,1.06871316,1.20962406,1.20962406
1.720000,1.07494115,1.07494115,1.20656308,1.20656308
1.760000,1.07425845,1.07425845,1.20362298,1.20362298
1.800000,1.07101718,1.07101718,1.20074025,1.20074025
1.840000,1.07319101,1.07319101,1.19802643,1.19802643
1.880000,1.08792691,1.08792691,1.19573269,1.19573269
1.920000,1.08074931,1.08074931,1.19338609,1.19338609
1.960000,1.07887204,1.07887204,1.19109581,1.19109581
2.000000,1.07136033,1.07136033,1.18874806,1.18874806
2.040000,1.05657862,1.05657862,1.18620634,1.18620634
2.080000,1.06387761,1.06387761,1.18389825,1.18389825
2.120000,1.05644101,1.05644101,1.18153793,1.18153793
2.160000,1.06303004,1.06303004,1.17938324,1.17938324
2.200000,1.07902281,1.07902281,1.17759109,1.17759109
2.240000,1.08734394,1.08734394,1.17600781,1.17600781
2.280000,1.08263579,1.08263579,1.17439794,1.17439794
2.320000,1.09495323,1.09495323,1.17305142,1.17305142
2.360000,1.11674412,1.11674412,1.17211297,1.17211297
2.400000,1.11354958,1.11354958,1.17115291,1.17115291
2.440000,1.11312457,1.11312457,1.17021697,1.17021697
2.480000,1.13245442,1.13245442,1.16961757,1.16961757
2.520000,1.14511344,1.14511344,1.16923469,1.16923469
2.560000,1.16182274,1.16182274,1.16912066,1.16912066
2.600000,1.18418909,1.18418909,1.16934897,1.16934897
2.640000,1.20303495,1.20303495,1.16985174,1.16985174
2.680000,1.22777073,1.22777073,1.17070349,1.17070349
2.720000,1.23382250,1.23382250,1.17161826,1.17161826
2.760000,1.24185015,1.24185015,1.17262158,1.17262158
2.800000,1.25599553,1.25599553,1.17379586,1.17379586
2.840000,1.23941039,1.23941039,1.17470717,1.17470717
2.880000,1.21302759,1.21302759,1.17523211,1.17523211
2.920000,1.17094659,1.17094659,1.17517419,1.17517419
2.960000,1.14258521,1.14258521,1.17473967,1.17473967
3.000000,1.13172882,1.13172882,1.17417374,1.17417374
3.040000,1.13993231,1.13993231,1.17372905,1.17372905
3.080000,1.14356366,1.14356366,1.17334231,1.17334231
3.120000,1.14929347,1.14929347,1.17303790,1.17303790
3.160000,1.14244606,1.14244606,1.17265550,1.17265550
3.200000,1.14258348,1.14258348,1.17228424,1.17228424
3.240000,1.15687029,1.15687029,1.17209626,1.17209626
3.280000,1.15748640,1.15748640,1.17192024,1.17192024
3.320000,1.17184280,1.17184280,1.17191932,1.17191932
3.360000,1.15519858,1.15519858,1.17172261,1.17172261
3.400000,1.14516106,1.14516106,1.17141375,1.17141375
3.440000,1.15815360,1.15815360,1.17126133,1.17126133
3.480000,1.15399146,1.15399146,1.17106509,1.17106509
3.520000,1.15694950,1.15694950,1.17090648,1.17090648
3.560000,1.17738232,1.17738232,1.17097844,1.17097844
3.600000,1.19788386,1.19788386,1.17127410,1.17127410
3.640000,1.21828453,1.21828453,1.17178508,1.17178508
3.680000,1.24078653,1.24078653,1.17252704,1.17252704
3.720000,1.22771074,1.22771074,1.17311410,1.17311410
3.760000,1.20729434,1.20729434,1.17347389,1.17347389
3.800000,1.18276310,1.18276310,1.17357065,1.17357065
3.840000,1.14773579,1.14773579,1.17330431,1.17330431
3.880000,1.15056433,1.15056433,1.17307227,1.17307227
3.920000,1.16286540,1.16286540,1.17296917,1.17296917
3.960000,1.16092625,1.16092625,1.17284874,1.17284874
4.000000,1.17393399,1.17393399,1.17285949,1.17285949
4.040000,1.15315924,1.15315924,1.17266635,1.17266635
4.080000,1.14515425,1.14515425,1.17239924,1.17239924
4.120000,1.13909461,1.13909461,1.17207900,1.17207900
4.160000,1.14110579,1.14110579,1.17178402,1.17178402
4.200000,1.13372137,1.13372137,1.17142494,1.17142494
4.240000,1.13553024,1.13553024,1.17108947,1.17108947
4.280000,1.11637205,1.11637205,1.17058283,1.17058283
4.320000,1.11218734,1.11218734,1.17004709,1.17004709
4.360000,1.13492246,1.13492246,1.16972778,1.16972778
4.400000,1.12852670,1.12852670,1.16935660,1.16935660
4.440000,1.12749020,1.12749020,1.16898279,1.16898279
4.480000,1.13793370,1.13793370,1.16870802,1.16870802
4.520000,1.12839831,1.12839831,1.16835443,1.16835443
4.560000,1.10407911,1.10407911,1.16779551,1.16779551
4.600000,1.08891219,1.08891219,1.16711548,1.16711548
4.640000,1.08924764,1.08924764,1.16644994,1.16644994
4.680000,1.08608379,1.08608379,1.16576888,1.16576888
4.720000,1.07648738,1.07648738,1.16501861,1.16501861
4.760000,1.04289444,1.04289444,1.16400091,1.16400091
4.800000,1.03261775,1.03261775,1.16291510,1.16291510
4.840000,1.02083554,1.02083554,1.16175051,1.16175051
4.880000,1.01634860,1.01634860,1.16056838,1.16056838
4.920000,1.04739799,1.04739799,1.15965572,1.15965572
4.960000,1.06502582,1.06502582,1.15889868,1.15889868
5.000000,1.09001675,1.09001675,1.15835200,1.15835200
5.040000,1.11424131,1.11424131,1.15800467,1.15800467
5.080000,1.10599355,1.10599355,1.15759833,1.15759833
5.120000,1.09791441,1.09791441,1.15713567,1.15713567
5.160000,1.09515683,1.09515683,1.15665891,1.15665891
5.200000,1.06645723,1.06645723,1.15597034,1.15597034
5.240000,1.05963138,1.05963138,1.15524050,1.15524050
5.280000,1.03952306,1.03952306,1.15437045,1.15437045
5.320000,1.03466666,1.03466666,1.15347713,1.15347713
5.360000,1.02660401,1.02660401,1.15253733,1.15253733
5.400000,1.02239475,1.02239475,1.15158040,1.15158040
5.440000,1.01189084,1.01189084,1.15056077,1.15056077
5.480000,1.00694269,1.00694269,1.14952006,1.14952006
5.520000,0.99701535,0.99701535,1.14842290,1.14842290
5.560000,0.97876699,0.97876699,1.14721108,1.14721108
5.600000,0.97958331,0.97958331,1.14602223,1.14602223
5.640000,0.97566988,0.97566988,1.14482256,1.14482256
5.680000,0.98176557,0.98176557,1.14368230,1.14368230
5.720000,1.00923866,1.00923866,1.14274867,1.14274867
5.760000,1.01631726,1.01631726,1.14187673,1.14187673
5.800000,1.03542382,1.03542382,1.14114760,1.14114760
5.840000,1.05689063,1.05689063,1.14057442,1.14057442
5.880000,1.03657552,1.03657552,1.13987172,1.13987172
5.920000,1.00055251,1.00055251,1.13893670,1.13893670
5.960000,0.99269115,0.99269115,1.13796173,1.13796173
6.000000,0.98047382,0.98047382,1.13691876,1.13691876
6.040000,0.99625434,0.99625434,1.13599334,1.13599334
6.080000,1.02701192,1.02701192,1.13528104,1.13528104
6.120000,1.05498966,1.05498966,1.13475967,1.13475967
6.160000,1.04997906,1.04997906,1.13421270,1.13421270
6.200000,1.02554543,1.02554543,1.13351611,1.13351611
6.240000,1.00543253,1.00543253,1.13270029,1.13270029
6.280000,0.99511834,0.99511834,1.13182952,1.13182952
6.320000,0.97830041,0.97830041,1.13086393,1.13086393
6.360000,0.99501369,0.99501369,1.13001486,1.13001486
6.400000,1.02320744,1.02320744,1.12935146,1.12935146
6.440000,1.02653987,1.02653987,1.12871682,1.12871682
6.480000,1.04119179,1.04119179,1.12817986,1.12817986
6.520000,1.02456303,1.02456303,1.12754805,1.12754805
6.560000,1.00933619,1.00933619,1.12683161,1.12683161
6.600000,1.01182049,1.01182049,1.12613878,1.12613878
6.640000,1.01561390,1.01561390,1.12547695,1.12547695
6.680000,0.98586295,0.98586295,1.12464592,1.12464592
6.720000,0.97064771,0.97064771,1.12373468,1.12373468
6.760000,0.95243524,0.95243524,1.12272704,1.12272704
6.800000,0.95016786,0.95016786,1.12171792,1.12171792
6.840000,0.92899551,0.92899551,1.12059744,1.12059744
6.880000,0.90128509,0.90128509,1.11932974,1.11932974
6.920000,0.89671102,0.89671102,1.11805032,1.11805032
6.960000,0.90631423,0.90631423,1.11684040,1.11684040
7.000000,0.91832016,0.91832016,1.11571245,1.11571245
7.040000,0.94417440,0.94417440,1.11474331,1.11474331
7.080000,0.94691945,0.94691945,1.11380047,1.11380047
7.120000,0.95262775,0.95262775,1.11290007,1.11290007
7.160000,0.94249169,0.94249169,1.11195336,1.11195336
7.200000,0.92413003,0.92413003,1.11091566,1.11091566
7.240000,0.90367685,0.90367685,1.10977698,1.10977698
7.280000,0.89826398,0.89826398,1.10862117,1.10862117
7.320000,0.88530921,0.88530921,1.10740752,1.10740752
7.360000,0.87704968,0.87704968,1.10616234,1.10616234
7.400000,0.86044379,0.86044379,1.10484128,1.10484128
7.440000,0.84103941,0.84103941,1.10343057,1.10343057
7.480000,0.82935653,0.82935653,1.10197273,1.10197273
7.520000,0.82951392,0.82951392,1.10053115,1.10053115
7.560000,0.82435173,0.82435173,1.09907757,1.09907757
7.600000,0.82895442,0.82895442,1.09766332,1.09766332
7.640000,0.80986421,0.80986421,1.09616436,1.09616436
7.680000,0.79461131,0.79461131,1.09460191,1.09460191
7.720000,0.78388034,0.78388034,1.09300025,1.09300025
7.760000,0.78100684,0.78100684,1.09140029,1.09140029
7.800000,0.79805335,0.79805335,1.08990362,1.08990362
7.840000,0.80237521,0.80237521,1.08844409,1.08844409
7.880000,0.81437053,0.81437053,1.08705988,1.08705988
7.920000,0.82716840,0.82716840,1.08575389,1.08575389
7.960000,0.81725190,0.81725190,1.08441138,1.08441138
8.000000,0.82129381,0.82129381,1.08310234,1.08310234
8.040000,0.82790247,0.82790247,1.08183897,1.08183897
8.080000,0.82871517,0.82871517,1.08059205,1.08059205
8.120000,0.83432862,0.83432862,1.07938488,1.07938488
8.160000,0.84605288,0.84605288,1.07824668,1.07824668
8.200000,0.86315156,0.86315156,1.07720252,1.07720252
8.240000,0.85755483,0.85755483,1.07614142,1.07614142
8.280000,0.84104652,0.84104652,1.07501116,1.07501116
8.320000,0.84349740,0.84349740,1.07390344,1.07390344
8.360000,0.83473641,0.83473641,1.07276455,1.07276455
8.400000,0.83156475,0.83156475,1.07162142,1.07162142
8.440000,0.83186053,0.83186053,1.07049047,1.07049047
8.480000,0.84482313,0.84482313,1.06943100,1.06943100
8.520000,0.86109686,0.86109686,1.06845748,1.06845748
8.560000,0.87081437,0.87081437,1.06753821,1.06753821
8.600000,0.85660608,0.85660608,1.06656167,1.06656167
8.640000,0.83819052,0.83819052,1.06550927,1.06550927
8.680000,0.80773757,0.80773757,1.06432683,1.06432683
8.720000,0.79797147,0.79797147,1.06311060,1.06311060
8.760000,0.79670336,0.79670336,1.06189965,1.06189965
8.800000,0.79014622,0.79014622,1.06067000,1.06067000
8.840000,0.80283088,0.80283088,1.05950856,1.05950856
8.880000,0.80982716,0.80982716,1.05838892,1.05838892
8.920000,0.79338274,0.79338274,1.05720585,1.05720585
8.960000,0.77162127,0.77162127,1.05593659,1.05593659
9.000000,0.77745893,0.77745893,1.05470439,1.05470439
9.040000,0.76575210,0.76575210,1.05343147,1.05343147
9.080000,0.77561238,0.77561238,1.05221296,1.05221296
9.120000,0.80689266,0.80689266,1.05114170,1.05114170
9.160000,0.80115363,0.80115363,1.05005479,1.05005479
9.200000,0.80380969,0.80380969,1.04898879,1.04898879
9.240000,0.78991828,0.78991828,1.04787211,1.04787211
9.280000,0.76522496,0.76522496,1.04665903,1.04665903
9.320000,0.75370084,0.75370084,1.04540708,1.04540708
9.360000,0.74549443,0.74549443,1.04413085,1.04413085
9.400000,0.71906337,0.71906337,1.04275345,1.04275345
9.440000,0.71153329,0.71153329,1.04135589,1.04135589
9.480000,0.70489761,0.70489761,1.03994220,1.03994220
9.520000,0.68821371,0.68821371,1.03847054,1.03847054
9.560000,0.69310564,0.69310564,1.03703152,1.03703152
9.600000,0.70722567,0.70722567,1.03566303,1.03566303
9.640000,0.70398600,0.70398600,1.03429246,1.03429246
9.680000,0.71244232,0.71244232,1.03296797,1.03296797
9.720000,0.72125828,0.72125828,1.03169048,1.03169048
9.760000,0.69939499,0.69939499,1.03033417,1.03033417
9.800000,0.68526004,0.68526004,1.02893143,1.02893143
9.840000,0.67769055,0.67769055,1.02750940,1.02750940
9.880000,0.66530282,0.66530282,1.02604889,1.02604889
9.920000,0.66592442,0.66592442,1.02460261,1.02460261
9.960000,0.66347630,0.66347630,1.02315810,1.02315810
10.000000,0.66823743,0.66823743,1.02174407,1.02174407
10.040000,0.68781693,0.68781693,1.02041897,1.02041897
10.080000,0.72978646,0.72978646,1.01927022,1.01927022
10.120000,0.73575450,0.73575450,1.01815402,1.01815402
10.160000,0.75666809,0.75666809,1.01712858,1.01712858
10.200000,0.77699906,0.77699906,1.01619058,1.01619058
10.240000,0.78722151,0.78722151,1.01529965,1.01529965
10.280000,0.78298918,0.78298918,1.01439922,1.01439922
10.320000,0.78105247,0.78105247,1.01349827,1.01349827
10.360000,0.79148901,0.79148901,1.01264438,1.01264438
10.400000,0.79813442,0.79813442,1.01182251,1.01182251
10.440000,0.80806525,0.80806525,1.01104481,1.01104481
10.480000,0.79989331,0.79989331,1.01024195,1.01024195
10.520000,0.79695357,0.79695357,1.00943404,1.00943404
10.560000,0.78533086,0.78533086,1.00858837,1.00858837
10.600000,0.76946868,0.76946868,1.00768942,1.00768942
10.640000,0.77561323,0.77561323,1.00682022,1.00682022
10.680000,0.77135988,0.77135988,1.00594164,1.00594164
10.720000,0.76718667,0.76718667,1.00505407,1.00505407
10.760000,0.75754891,0.75754891,1.00413739,1.00413739
10.800000,0.75040714,0.75040714,1.00320111,1.00320111
10.840000,0.74393928,0.74393928,1.00224794,1.00224794
10.880000,0.74743125,0.74743125,1.00131455,1.00131455
10.920000,0.74643712,0.74643712,1.00038434,1.00038434
10.960000,0.75324547,0.75324547,0.99948565,0.99948565
11.000000,0.77247878,0.77247878,0.99866317,0.99866317
11.040000,0.77987686,0.77987686,0.99787332,0.99787332
11.080000,0.79903394,0.79903394,0.99715807,0.99715807
11.120000,0.81512797,0.81512797,0.99650564,0.99650564
11.160000,0.82237776,0.82237776,0.99588375,0.99588375
11.200000,0.81734758,0.81734758,0.99524839,0.99524839
11.240000,0.81124066,0.81124066,0.99459588,0.99459588
11.280000,0.79695300,0.79695300,0.99389750,0.99389750
11.320000,0.81405431,0.81405431,0.99326425,0.99326425
11.360000,0.81436261,0.81436261,0.99263652,0.99263652
11.400000,0.80093212,0.80093212,0.99196623,0.99196623
11.440000,0.78974764,0.78974764,0.99126163,0.99126163
11.480000,0.76886177,0.76886177,0.99048941,0.99048941
11.520000,0.77072092,0.77072092,0.98972896,0.98972896
11.560000,0.75874739,0.75874739,0.98893248,0.98893248
11.600000,0.74819313,0.74819313,0.98810519,0.98810519
11.640000,0.73621501,0.73621501,0.98724256,0.98724256
11.680000,0.72414295,0.72414295,0.98634460,0.98634460
11.720000,0.71313722,0.71313722,0.98541533,0.98541533
11.760000,0.71078747,0.71078747,0.98448439,0.98448439
11.800000,0.70870547,0.70870547,0.98355270,0.98355270
11.840000,0.70657805,0.70657805,0.98262013,0.98262013
11.880000,0.71184779,0.71184779,0.98171149,0.98171149
11.920000,0.71445478,0.71445478,0.98081766,0.98081766
11.960000,0.72283879,0.72283879,0.97995773,0.97995773
12.000000,0.71425484,0.71425484,0.97907500,0.97907500
12.040000,0.71777942,0.71777942,0.97820978,0.97820978
12.080000,0.72819871,0.72819871,0.97738466,0.97738466
12.120000,0.74885342,0.74885342,0.97663291,0.97663291
12.160000,0.74451119,0.74451119,0.97587186,0.97587186
12.200000,0.74710425,0.74710425,0.97512425,0.97512425
12.240000,0.73620697,0.73620697,0.97434602,0.97434602
12.280000,0.70898973,0.70898973,0.97348447,0.97348447
12.320000,0.68802036,0.68802036,0.97256064,0.97256064
12.360000,0.66174774,0.66174774,0.97155802,0.97155802
12.400000,0.63306576,0.63306576,0.97046962,0.97046962
12.440000,0.64302712,0.64302712,0.96942012,0.96942012
12.480000,0.65251183,0.65251183,0.96840764,0.96840764
12.520000,0.63805077,0.63805077,0.96735554,0.96735554
12.560000,0.65086887,0.65086887,0.96635082,0.96635082
12.600000,0.65602740,0.65602740,0.96536879,0.96536879
12.640000,0.67512706,0.67512706,0.96445320,0.96445320
12.680000,0.68087237,0.68087237,0.96356144,0.96356144
12.720000,0.67145973,0.67145973,0.96264576,0.96264576
12.760000,0.65529461,0.65529461,0.96168528,0.96168528
12.800000,0.64673328,0.64673328,0.96070413,0.96070413
12.840000,0.64728418,0.64728418,0.95973077,0.95973077
12.880000,0.64951816,0.64951816,0.95877036,0.95877036
12.920000,0.65140688,0.65140688,0.95782171,0.95782171
12.960000,0.63275829,0.63275829,0.95682151,0.95682151
13.000000,0.60157408,0.60157408,0.95573180,0.95573180
13.040000,0.60461795,0.60461795,0.95465805,0.95465805
13.080000,0.60390091,0.60390091,0.95358867,0.95358867
13.120000,0.60343216,0.60343216,0.95252437,0.95252437
13.160000,0.58851423,0.58851423,0.95142131,0.95142131
13.200000,0.59127232,0.59127232,0.95033324,0.95033324
13.240000,0.56955514,0.56955514,0.94918632,0.94918632
13.280000,0.56031026,0.56031026,0.94801852,0.94801852
13.320000,0.56154541,0.56154541,0.94686142,0.94686142
13.360000,0.54444322,0.54444322,0.94566017,0.94566017
13.400000,0.53235782,0.53235782,0.94443010,0.94443010
13.440000,0.52606232,0.52606232,0.94318866,0.94318866
13.480000,0.53041396,0.53041396,0.94196743,0.94196743
13.520000,0.54193492,0.54193492,0.94078739,0.94078739
13.560000,0.55639759,0.55639759,0.93965684,0.93965684
13.600000,0.57902860,0.57902860,0.93859927,0.93859927
13.640000,0.61063403,0.61063403,0.93764031,0.93764031
13.680000,0.62885991,0.62885991,0.93674008,0.93674008
13.720000,0.62776906,0.62776906,0.93584191,0.93584191
13.760000,0.62657198,0.62657198,0.93494547,0.93494547
13.800000,0.63149932,0.63149932,0.93406846,0.93406846
13.840000,0.64207500,0.64207500,0.93322698,0.93322698
13.880000,0.65363543,0.65363543,0.93242356,0.93242356
13.920000,0.64628169,0.64628169,0.93160366,0.93160366
13.960000,0.63957984,0.63957984,0.93076931,0.93076931
14.000000,0.65128196,0.65128196,0.92997305,0.92997305
14.040000,0.66917204,0.66917204,0.92923214,0.92923214
14.080000,0.67925191,0.67925191,0.92852398,0.92852398
14.120000,0.69578371,0.69578371,0.92786652,0.92786652
14.160000,0.69999054,0.69999054,0.92722462,0.92722462
14.200000,0.72035002,0.72035002,0.92664351,0.92664351
14.240000,0.72284664,0.72284664,0.92607265,0.92607265
14.280000,0.70445409,0.70445409,0.92545360,0.92545360
14.320000,0.68186386,0.68186386,0.92477508,0.92477508
14.360000,0.65789846,0.65789846,0.92403376,0.92403376
14.400000,0.64455145,0.64455145,0.92325957,0.92325957
14.440000,0.66561367,0.66561367,0.92254784,0.92254784
14.480000,0.68115272,0.68115272,0.92188284,0.92188284
14.520000,0.70082305,0.70082305,0.92127553,0.92127553
14.560000,0.71254966,0.71254966,0.92070368,0.92070368
14.600000,0.71893314,0.71893314,0.92015239,0.92015239
14.640000,0.68712361,0.68712361,0.91951744,0.91951744
14.680000,0.66324196,0.66324196,0.91882104,0.91882104
14.720000,0.63807771,0.63807771,0.91806021,0.91806021
14.760000,0.61970499,0.61970499,0.91725385,0.91725385
14.800000,0.60745533,0.60745533,0.91641881,0.91641881
14.840000,0.60768494,0.60768494,0.91558888,0.91558888
14.880000,0.59923919,0.59923919,0.91474076,0.91474076
14.920000,0.59296209,0.59296209,0.91388039,0.91388039
14.960000,0.58942947,0.58942947,0.91301519,0.91301519
15.000000,0.61170535,0.61170535,0.91221383,0.91221383
15.040000,0.63692350,0.63692350,0.91148362,0.91148362
15.080000,0.67244302,0.67244302,0.91085124,0.91085124
15.120000,0.67028544,0.67028544,0.91021650,0.91021650
15.160000,0.67087289,0.67087289,0.90958665,0.90958665
15.200000,0.67261320,0.67261320,0.90896467,0.90896467
15.240000,0.66042997,0.66042997,0.90831405,0.90831405
15.280000,0.66217455,0.66217455,0.90767139,0.90767139
15.320000,0.66686992,0.66686992,0.90704430,0.90704430
15.360000,0.66350294,0.66350294,0.90641173,0.90641173
15.400000,0.67168011,0.67168011,0.90580362,0.90580362
15.440000,0.68029445,0.68029445,0.90522091,0.90522091
15.480000,0.68480862,0.68480862,0.90465283,0.90465283
15.520000,0.69484449,0.69484449,0.90411348,0.90411348
15.560000,0.71996737,0.71996737,0.90364131,0.90364131
15.600000,0.72225108,0.72225108,0.90317740,0.90317740
15.640000,0.73259019,0.73259019,0.90274222,0.90274222
15.680000,0.73243336,0.73243336,0.90230887,0.90230887
15.720000,0.71750245,0.71750245,0.90183982,0.90183982
15.760000,0.69834903,0.69834903,0.90132465,0.90132465
15.800000,0.67876110,0.67876110,0.90076262,0.90076262
15.840000,0.66387505,0.66387505,0.90016593,0.90016593
15.880000,0.65587127,0.65587127,0.89955212,0.89955212
15.920000,0.62425834,0.62425834,0.89886216,0.89886216
15.960000,0.60574496,0.60574496,0.89812937,0.89812937
16.000000,0.58517334,0.58517334,0.89734893,0.89734893
16.040000,0.57769173,0.57769173,0.89655376,0.89655376
16.080000,0.58449720,0.58449720,0.89577943,0.89577943
16.120000,0.59187484,0.59187484,0.89502719,0.89502719
16.160000,0.59684775,0.59684775,0.89429094,0.89429094
16.200000,0.59471842,0.59471842,0.89355308,0.89355308
16.240000,0.58776161,0.58776161,0.89280175,0.89280175
16.280000,0.57239636,0.57239636,0.89201644,0.89201644
16.320000,0.58148521,0.58148521,0.89125720,0.89125720
16.360000,0.58296886,0.58296886,0.89050528,0.89050528
16.400000,0.57126493,0.57126493,0.88972854,0.88972854
16.440000,0.55186985,0.55186985,0.88890849,0.88890849
16.480000,0.54224942,0.54224942,0.88806912,0.88806912
16.520000,0.54619284,0.54619284,0.88724333,0.88724333
16.560000,0.54779540,0.54779540,0.88642539,0.88642539
16.600000,0.56208527,0.56208527,0.88564572,0.88564572
16.640000,0.56260600,0.56260600,0.88487105,0.88487105
16.680000,0.56256242,0.56256242,0.88409997,0.88409997
16.720000,0.56140092,0.56140092,0.88332981,0.88332981
16.760000,0.56138430,0.56138430,0.88256327,0.88256327
16.800000,0.55955112,0.55955112,0.88179602,0.88179602
16.840000,0.57816169,0.57816169,0.88107651,0.88107651
16.880000,0.61785079,0.61785079,0.88045423,0.88045423
16.920000,0.62810925,0.62810925,0.87985907,0.87985907
16.960000,0.63772174,0.63772174,0.87928934,0.87928934
17.000000,0.64157787,0.64157787,0.87873133,0.87873133
17.040000,0.63836279,0.63836279,0.87816841,0.87816841
17.080000,0.62666490,0.62666490,0.87758078,0.87758078
17.120000,0.59270914,0.59270914,0.87691675,0.87691675
17.160000,0.56973899,0.56973899,0.87620238,0.87620238
17.200000,0.55468415,0.55468415,0.87545640,0.87545640
17.240000,0.54481579,0.54481579,0.87469102,0.87469102
17.280000,0.56070884,0.56070884,0.87396589,0.87396589
17.320000,0.57956600,0.57956600,0.87328755,0.87328755
17.360000,0.57902277,0.57902277,0.87261108,0.87261108
17.400000,0.58232290,0.58232290,0.87194528,0.87194528
17.440000,0.58507180,0.58507180,0.87128882,0.87128882
17.480000,0.56626173,0.56626173,0.87059241,0.87059241
17.520000,0.53425534,0.53425534,0.86982627,0.86982627
17.560000,0.51192714,0.51192714,0.86901286,0.86901286
17.600000,0.50438679,0.50438679,0.86818605,0.86818605
17.640000,0.49308286,0.49308286,0.86733740,0.86733740
17.680000,0.49601518,0.49601518,0.86649920,0.86649920
17.720000,0.50502386,0.50502386,0.86568506,0.86568506
17.760000,0.50914786,0.50914786,0.86488386,0.86488386
17.800000,0.51205548,0.51205548,0.86409276,0.86409276
17.840000,0.50664898,0.50664898,0.86329311,0.86329311
17.880000,0.50192131,0.50192131,0.86248648,0.86248648
17.920000,0.49129200,0.49129200,0.86165976,0.86165976
17.960000,0.49503897,0.49503897,0.86084505,0.86084505
18.000000,0.48871958,0.48871958,0.86001994,0.86001994
18.040000,0.47925895,0.47925895,0.85917755,0.85917755
18.080000,0.47337490,0.47337490,0.85832588,0.85832588
18.120000,0.49139889,0.49139889,0.85751768,0.85751768
18.160000,0.48102538,0.48102538,0.85669022,0.85669022
18.200000,0.48018869,0.48018869,0.85586456,0.85586456
18.240000,0.48491932,0.48491932,0.85505286,0.85505286
18.280000,0.49295188,0.49295188,0.85426225,0.85426225
18.320000,0.48698944,0.48698944,0.85346209,0.85346209
18.360000,0.48340810,0.48340810,0.85265763,0.85265763
18.400000,0.47237409,0.47237409,0.85183272,0.85183272
18.440000,0.45680527,0.45680527,0.85097768,0.85097768
18.480000,0.45174554,0.45174554,0.85011540,0.85011540
18.520000,0.46553727,0.46553727,0.84928657,0.84928657
18.560000,0.48669772,0.48669772,0.84850681,0.84850681
18.600000,0.48998856,0.48998856,0.84773746,0.84773746
18.640000,0.50605924,0.50605924,0.84700581,0.84700581
18.680000,0.50745012,0.50745012,0.84628027,0.84628027
18.720000,0.51172163,0.51172163,0.84556692,0.84556692
18.760000,0.51629478,0.51629478,0.84486634,0.84486634
18.800000,0.52822865,0.52822865,0.84419408,0.84419408
18.840000,0.52369123,0.52369123,0.84351505,0.84351505
18.880000,0.49362439,0.49362439,0.84277532,0.84277532
18.920000,0.45367798,0.45367798,0.84195444,0.84195444
18.960000,0.42862943,0.42862943,0.84108428,0.84108428
19.000000,0.40614038,0.40614038,0.84017053,0.84017053
19.040000,0.38446587,0.38446587,0.83921518,0.83921518
19.080000,0.37905977,0.37905977,0.83825251,0.83825251
19.120000,0.37167612,0.37167612,0.83727845,0.83727845
19.160000,0.38545063,0.38545063,0.83633714,0.83633714
19.200000,0.39352428,0.39352428,0.83541653,0.83541653
19.240000,0.37839737,0.37839737,0.83446836,0.83446836
19.280000,0.35985252,0.35985252,0.83348572,0.83348572
19.320000,0.37963049,0.37963049,0.83254800,0.83254800
19.360000,0.38085018,0.38085018,0.83161666,0.83161666
19.400000,0.38775654,0.38775654,0.83070337,0.83070337
19.440000,0.38835808,0.38835808,0.82979506,0.82979506
19.480000,0.39624278,0.39624278,0.82890664,0.82890664
19.520000,0.38404318,0.38404318,0.82799689,0.82799689
19.560000,0.37845796,0.37845796,0.82707947,0.82707947
19.600000,0.34918649,0.34918649,0.82610616,0.82610616
19.640000,0.32189014,0.32189014,0.82508133,0.82508133
19.680000,0.31377936,0.31377936,0.82404421,0.82404421
19.720000,0.28066031,0.28066031,0.82294424,0.82294424
19.760000,0.27434920,0.27434920,0.82183597,0.82183597
19.800000,0.25705344,0.25705344,0.82069730,0.82069730
19.840000,0.24429562,0.24429562,0.81953753,0.81953753
19.880000,0.22771638,0.22771638,0.81834914,0.81834914
19.920000,0.20861693,0.20861693,0.81712723,0.81712723
19.960000,0.19287617,0.19287617,0.81587873,0.81587873
20.000000,0.19300506,0.19300506,0.81463547,0.81463547
20.040000,0.18248318,0.18248318,0.81337620,0.81337620
20.080000,0.21717517,0.21717517,0.81219091,0.81219091
20.120000,0.24383454,0.24383454,0.81106322,0.81106322
20.160000,0.25231375,0.25231375,0.80995678,0.80995678
20.200000,0.25764439,0.25764439,0.80886526,0.80886526
20.240000,0.26885503,0.26885503,0.80780015,0.80780015
20.280000,0.25173488,0.25173488,0.80670553,0.80670553
20.320000,0.24684683,0.24684683,0.80560561,0.80560561
20.360000,0.25615513,0.25615513,0.80452826,0.80452826
20.400000,0.25218487,0.25218487,0.80344735,0.80344735
20.440000,0.25014753,0.25014753,0.80236669,0.80236669
20.480000,0.25195609,0.25195609,0.80129376,0.80129376
20.520000,0.26932408,0.26932408,0.80025880,0.80025880
20.560000,0.30488557,0.30488557,0.79929691,0.79929691
20.600000,0.30614387,0.30614387,0.79834119,0.79834119
20.640000,0.30766349,0.30766349,0.79739210,0.79739210
20.680000,0.31232080,0.31232080,0.79645567,0.79645567
20.720000,0.30276653,0.30276653,0.79550444,0.79550444
20.760000,0.31980674,0.31980674,0.79458964,0.79458964
20.800000,0.33444538,0.33444538,0.79370644,0.79370644
20.840000,0.33448407,0.33448407,0.79282671,0.79282671
20.880000,0.32560880,0.32560880,0.79193336,0.79193336
20.920000,0.31817159,0.31817159,0.79102924,0.79102924
20.960000,0.33972604,0.33972604,0.79016961,0.79016961
21.000000,0.35444701,0.35444701,0.78934124,0.78934124
21.040000,0.36582885,0.36582885,0.78853761,0.78853761
21.080000,0.35697367,0.35697367,0.78772026,0.78772026
21.120000,0.33569314,0.33569314,0.78686577,0.78686577
21.160000,0.31911374,0.31911374,0.78598321,0.78598321
21.200000,0.31339806,0.31339806,0.78509322,0.78509322
21.240000,0.29811662,0.29811662,0.78417785,0.78417785
21.280000,0.29933831,0.29933831,0.78326821,0.78326821
21.320000,0.29071498,0.29071498,0.78234583,0.78234583
21.360000,0.28611281,0.28611281,0.78141829,0.78141829
21.400000,0.29637648,0.29637648,0.78051336,0.78051336
21.440000,0.31174046,0.31174046,0.77964041,0.77964041
21.480000,0.32764797,0.32764797,0.77880028,0.77880028
21.520000,0.33711100,0.33711100,0.77798082,0.77798082
21.560000,0.34749398,0.34749398,0.77718362,0.77718362
21.600000,0.33605639,0.33605639,0.77636823,0.77636823
21.640000,0.32885325,0.32885325,0.77554255,0.77554255
21.680000,0.30473927,0.30473927,0.77467551,0.77467551
21.720000,0.30120660,0.30120660,0.77380516,0.77380516
21.760000,0.31837587,0.31837587,0.77296951,0.77296951
21.800000,0.33403618,0.33403618,0.77216561,0.77216561
21.840000,0.37047753,0.37047753,0.77143126,0.77143126
21.880000,0.37404643,0.37404643,0.77070611,0.77070611
21.920000,0.35660876,0.35660876,0.76995183,0.76995183
21.960000,0.34139336,0.34139336,0.76917263,0.76917263
22.000000,0.33394969,0.33394969,0.76838275,0.76838275
22.040000,0.34105814,0.34105814,0.76760862,0.76760862
22.080000,0.32786573,0.32786573,0.76681342,0.76681342
22.120000,0.30287214,0.30287214,0.76597598,0.76597598
22.160000,0.29256213,0.29256213,0.76512298,0.76512298
22.200000,0.25467920,0.25467920,0.76420492,0.76420492
22.240000,0.20155250,0.20155250,0.76319477,0.76319477
22.280000,0.17925464,0.17925464,0.76214828,0.76214828
22.320000,0.18208375,0.18208375,0.76111060,0.76111060
22.360000,0.18144479,0.18144479,0.76007548,0.76007548
22.400000,0.20160404,0.20160404,0.75907999,0.75907999
22.440000,0.21459835,0.21459835,0.75811116,0.75811116
22.480000,0.22102971,0.22102971,0.75715720,0.75715720
22.520000,0.22959258,0.22959258,0.75622180,0.75622180
22.560000,0.22284558,0.22284558,0.75527777,0.75527777
22.600000,0.22706863,0.22706863,0.75434454,0.75434454
22.640000,0.24868954,0.24868954,0.75345273,0.75345273
22.680000,0.26688778,0.26688778,0.75259610,0.75259610
22.720000,0.26977385,0.26977385,0.75174756,0.75174756
22.760000,0.28321995,0.28321995,0.75092558,0.75092558
22.800000,0.26931457,0.26931457,0.75008213,0.75008213
22.840000,0.24394574,0.24394574,0.74919727,0.74919727
22.880000,0.24245289,0.24245289,0.74831290,0.74831290
22.920000,0.24410136,0.24410136,0.74743449,0.74743449
22.960000,0.24805106,0.24805106,0.74656599,0.74656599
23.000000,0.26834695,0.26834695,0.74573575,0.74573575
23.040000,0.25994540,0.25994540,0.74489383,0.74489383
23.080000,0.25554694,0.25554694,0.74404721,0.74404721
23.120000,0.24996966,0.24996966,0.74319388,0.74319388
23.160000,0.24298011,0.24298011,0.74233144,0.74233144
23.200000,0.23299009,0.23299009,0.74145478,0.74145478
23.240000,0.22966398,0.22966398,0.74057541,0.74057541
23.280000,0.22661037,0.22661037,0.73969382,0.73969382
23.320000,0.23824067,0.23824067,0.73883517,0.73883517
23.360000,0.24662843,0.24662843,0.73799379,0.73799379
23.400000,0.22364857,0.22364857,0.73711607,0.73711607
23.440000,0.22008751,0.22008751,0.73623527,0.73623527
23.480000,0.21254027,0.21254027,0.73534463,0.73534463
23.520000,0.21471139,0.21471139,0.73446071,0.73446071
23.560000,0.21021717,0.21021717,0.73357216,0.73357216
23.600000,0.21099068,0.21099068,0.73268793,0.73268793
23.640000,0.19648538,0.19648538,0.73178218,0.73178218
23.680000,0.21118830,0.21118830,0.73090428,0.73090428
23.720000,0.23709080,0.23709080,0.73007294,0.73007294
23.760000,0.23725233,0.23725233,0.72924467,0.72924467
23.800000,0.24349223,0.24349223,0.72842965,0.72842965
23.840000,0.22275232,0.22275232,0.72758262,0.72758262
23.880000,0.19303594,0.19303594,0.72668873,0.72668873
23.920000,0.16715541,0.16715541,0.72575462,0.72575462
23.960000,0.15143784,0.15143784,0.72479742,0.72479742
24.000000,0.14159244,0.14159244,0.72382703,0.72382703
24.040000,0.13340112,0.13340112,0.72284626,0.72284626
24.080000,0.14922876,0.14922876,0.72189499,0.72189499
24.120000,0.18415601,0.18415601,0.72100469,0.72100469
24.160000,0.20330932,0.20330932,0.72014900,0.72014900
24.200000,0.21674437,0.21674437,0.71931830,0.71931830
24.240000,0.24423033,0.24423033,0.71853561,0.71853561
24.280000,0.26428324,0.26428324,0.71778849,0.71778849
24.320000,0.26986979,0.26986979,0.71705299,0.71705299
24.360000,0.26426664,0.26426664,0.71631072,0.71631072
24.400000,0.27177479,0.27177479,0.71558316,0.71558316
24.440000,0.28606042,0.28606042,0.71488133,0.71488133
24.480000,0.28849264,0.28849264,0.71418575,0.71418575
24.520000,0.29283250,0.29283250,0.71349951,0.71349951
24.560000,0.28999088,0.28999088,0.71281088,0.71281088
24.600000,0.31158376,0.31158376,0.71215953,0.71215953
24.640000,0.32429900,0.32429900,0.71153091,0.71153091
24.680000,0.32222902,0.32222902,0.71090097,0.71090097
24.720000,0.30821753,0.30821753,0.71025043,0.71025043
24.760000,0.28509544,0.28509544,0.70956470,0.70956470
24.800000,0.28929549,0.28929549,0.70888794,0.70888794
24.840000,0.29720769,0.29720769,0.70822607,0.70822607
24.880000,0.30326071,0.30326071,0.70757605,0.70757605
24.920000,0.32110177,0.32110177,0.70695670,0.70695670
24.960000,0.30806175,0.30806175,0.70631846,0.70631846
25.000000,0.30301254,0.30301254,0.70567421,0.70567421
25.040000,0.29104310,0.29104310,0.70501291,0.70501291
25.080000,0.29128889,0.29128889,0.70435412,0.70435412
25.120000,0.28400036,0.28400036,0.70368583,0.70368583
25.160000,0.28898437,0.28898437,0.70302757,0.70302757
25.200000,0.28716473,0.28716473,0.70236852,0.70236852
25.240000,0.27454257,0.27454257,0.70169158,0.70169158
25.280000,0.27020742,0.27020742,0.70100993,0.70100993
25.320000,0.25948278,0.25948278,0.70031351,0.70031351
25.360000,0.27055313,0.27055313,0.69963672,0.69963672
25.400000,0.26217625,0.26217625,0.69894889,0.69894889
25.440000,0.25269178,0.25269178,0.69824833,0.69824833
25.480000,0.25969442,0.25969442,0.69756094,0.69756094
25.520000,0.25766084,0.25766084,0.69687252,0.69687252
25.560000,0.25922925,0.25922925,0.69618871,0.69618871
25.600000,0.28415218,0.28415218,0.69554590,0.69554590
25.640000,0.29750847,0.29750847,0.69492591,0.69492591
25.680000,0.32344511,0.32344511,0.69434818,0.69434818
25.720000,0.35137038,0.35137038,0.69381560,0.69381560
25.760000,0.36643551,0.36643551,0.69330804,0.69330804
25.800000,0.35930937,0.35930937,0.69279101,0.69279101
25.840000,0.35755491,0.35755491,0.69227287,0.69227287
25.880000,0.37096742,0.37096742,0.69177703,0.69177703
25.920000,0.35719861,0.35719861,0.69126150,0.69126150
25.960000,0.34634876,0.34634876,0.69073087,0.69073087
26.000000,0.35329675,0.35329675,0.69021253,0.69021253
26.040000,0.32335076,0.32335076,0.68964986,0.68964986
26.080000,0.32621291,0.32621291,0.68909330,0.68909330
26.120000,0.33285105,0.33285105,0.68854859,0.68854859
26.160000,0.31430486,0.31430486,0.68797722,0.68797722
26.200000,0.32601619,0.32601619,0.68742545,0.68742545
26.240000,0.32449036,0.32449036,0.68687304,0.68687304
26.280000,0.32531696,0.32531696,0.68632356,0.68632356
26.320000,0.32770427,0.32770427,0.68577937,0.68577937
26.360000,0.32487455,0.32487455,0.68523255,0.68523255
26.400000,0.32732262,0.32732262,0.68469108,0.68469108
26.440000,0.31770662,0.31770662,0.68413672,0.68413672
26.480000,0.30063242,0.30063242,0.68355829,0.68355829
26.520000,0.31851904,0.31851904,0.68300853,0.68300853
26.560000,0.34744060,0.34744060,0.68250391,0.68250391
26.600000,0.35530476,0.35530476,0.68201262,0.68201262
26.640000,0.36025771,0.36025771,0.68153023,0.68153023
26.680000,0.35812745,0.35812745,0.68104610,0.68104610
26.720000,0.35823707,0.35823707,0.68056357,0.68056357
26.760000,0.35784165,0.35784165,0.68008190,0.68008190
26.800000,0.36808500,0.36808500,0.67961693,0.67961693
26.840000,0.35480491,0.35480491,0.67913357,0.67913357
26.880000,0.33611550,0.33611550,0.67862389,0.67862389
26.920000,0.32220960,0.32220960,0.67809508,0.67809508
26.960000,0.31276978,0.31276978,0.67755386,0.67755386
27.000000,0.33986813,0.33986813,0.67705433,0.67705433
27.040000,0.35753670,0.35753670,0.67658237,0.67658237
27.080000,0.39655485,0.39655485,0.67616935,0.67616935
27.120000,0.42146623,0.42146623,0.67579423,0.67579423
27.160000,0.43492173,0.43492173,0.67544001,0.67544001
27.200000,0.42947052,0.42947052,0.67507882,0.67507882
27.240000,0.43676685,0.43676685,0.67472939,0.67472939
27.280000,0.42836002,0.42836002,0.67436867,0.67436867
27.320000,0.40491534,0.40491534,0.67397473,0.67397473
27.360000,0.39682644,0.39682644,0.67357014,0.67357014
27.400000,0.40004053,0.40004053,0.67317141,0.67317141
27.440000,0.39266027,0.39266027,0.67276309,0.67276309
27.480000,0.40344333,0.40344333,0.67237164,0.67237164
27.520000,0.41314726,0.41314726,0.67199541,0.67199541
27.560000,0.39846745,0.39846745,0.67159899,0.67159899
27.600000,0.38211676,0.38211676,0.67118006,0.67118006
27.640000,0.37753747,0.37753747,0.67075572,0.67075572
27.680000,0.37705944,0.37705944,0.67033191,0.67033191
27.720000,0.36358596,0.36358596,0.66988992,0.66988992
27.760000,0.37904252,0.37904252,0.66947143,0.66947143
27.800000,0.39626593,0.39626593,0.66907889,0.66907889
27.840000,0.40540201,0.40540201,0.66870059,0.66870059
27.880000,0.42585978,0.42585978,0.66835268,0.66835268
27.920000,0.43333835,0.43333835,0.66801647,0.66801647
27.960000,0.44306000,0.44306000,0.66769510,0.66769510
28.000000,0.43937984,0.43937984,0.66736940,0.66736940
28.040000,0.43109127,0.43109127,0.66703282,0.66703282
28.080000,0.42251307,0.42251307,0.66668500,0.66668500
28.120000,0.39879401,0.39879401,0.66630447,0.66630447
28.160000,0.38377909,0.38377909,0.66590373,0.66590373
28.200000,0.40245039,0.40245039,0.66553056,0.66553056
28.240000,0.41851457,0.41851457,0.66518118,0.66518118
28.280000,0.40863931,0.40863931,0.66481883,0.66481883
28.320000,0.40069636,0.40069636,0.66444630,0.66444630
28.360000,0.37312304,0.37312304,0.66403599,0.66403599
28.400000,0.35116990,0.35116990,0.66359595,0.66359595
28.440000,0.33645739,0.33645739,0.66313649,0.66313649
28.480000,0.33430702,0.33430702,0.66267530,0.66267530
28.520000,0.33121821,0.33121821,0.66221107,0.66221107
28.560000,0.34195922,0.34195922,0.66176317,0.66176317
28.600000,0.34479534,0.34479534,0.66132047,0.66132047
28.640000,0.34944194,0.34944194,0.66088550,0.66088550
28.680000,0.36255100,0.36255100,0.66046999,0.66046999
28.720000,0.36435134,0.36435134,0.66005814,0.66005814
28.760000,0.36641201,0.36641201,0.65965030,0.65965030
28.800000,0.37443198,0.37443198,0.65925471,0.65925471
28.840000,0.38737456,0.38737456,0.65887815,0.65887815
28.880000,0.37377121,0.37377121,0.65848381,0.65848381
28.920000,0.35993251,0.35993251,0.65807144,0.65807144
28.960000,0.35866796,0.35866796,0.65765847,0.65765847
29.000000,0.36122208,0.36122208,0.65725016,0.65725016
29.040000,0.38001258,0.38001258,0.65686881,0.65686881
29.080000,0.37909890,0.37909890,0.65648726,0.65648726
29.120000,0.37470675,0.37470675,0.65610073,0.65610073
29.160000,0.35438427,0.35438427,0.65568742,0.65568742
29.200000,0.35234303,0.35234303,0.65527245,0.65527245
29.240000,0.34925757,0.34925757,0.65485440,0.65485440
29.280000,0.32943566,0.32943566,0.65441044,0.65441044
29.320000,0.31965039,0.31965039,0.65395437,0.65395437
29.360000,0.31813160,0.31813160,0.65349746,0.65349746
29.400000,0.34333582,0.34333582,0.65307605,0.65307605
29.440000,0.36030920,0.36030920,0.65267881,0.65267881
29.480000,0.38190295,0.38190295,0.65231190,0.65231190
29.520000,0.39423960,0.39423960,0.65196268,0.65196268
29.560000,0.39897651,0.39897651,0.65162081,0.65162081
29.600000,0.40208238,0.40208238,0.65128405,0.65128405
29.640000,0.41020634,0.41020634,0.65095915,0.65095915
29.680000,0.40714591,0.40714591,0.65063100,0.65063100
29.720000,0.40188918,0.40188918,0.65029667,0.65029667
29.760000,0.41039366,0.41039366,0.64997465,0.64997465
29.800000,0.42149927,0.42149927,0.64966839,0.64966839
29.840000,0.42705928,0.42705928,0.64937038,0.64937038
29.880000,0.42816382,0.42816382,0.64907465,0.64907465
29.920000,0.40212155,0.40212155,0.64874494,0.64874494
29.960000,0.39382520,0.39382520,0.64840505,0.64840505
30.000000,0.39727721,0.39727721,0.64807066,0.64807066
30.040000,0.38440750,0.38440750,0.64772004,0.64772004
30.080000,0.38837583,0.38837583,0.64737563,0.64737563
30.120000,0.41346533,0.41346533,0.64706540,0.64706540
30.160000,0.41698573,0.41698573,0.64676066,0.64676066
30.200000,0.41497005,0.41497005,0.64645406,0.64645406
30.240000,0.41119368,0.41119368,0.64614328,0.64614328
30.280000,0.40136596,0.40136596,0.64582035,0.64582035
30.320000,0.39680355,0.39680355,0.64549227,0.64549227
30.360000,0.37883567,0.37883567,0.64514140,0.64514140
30.400000,0.37596597,0.37596597,0.64478769,0.64478769
30.440000,0.37197033,0.37197033,0.64442966,0.64442966
30.480000,0.35740158,0.35740158,0.64405348,0.64405348
30.520000,0.33556212,0.33556212,0.64364970,0.64364970
30.560000,0.31649642,0.31649642,0.64322204,0.64322204
30.600000,0.29994415,0.29994415,0.64277390,0.64277390
30.640000,0.31040795,0.31040795,0.64234057,0.64234057
30.680000,0.34406039,0.34406039,0.64195218,0.64195218
30.720000,0.38685692,0.38685692,0.64162046,0.64162046
30.760000,0.40839651,0.40839651,0.64131757,0.64131757
30.800000,0.40687850,0.40687850,0.64101350,0.64101350
30.840000,0.37038253,0.37038253,0.64066294,0.64066294
30.880000,0.34575085,0.34575085,0.64028142,0.64028142
30.920000,0.32858030,0.32858030,0.63987871,0.63987871
30.960000,0.31656946,0.31656946,0.63946154,0.63946154
31.000000,0.33729470,0.33729470,0.63907215,0.63907215
31.040000,0.35581466,0.35581466,0.63870759,0.63870759
31.080000,0.34944847,0.34944847,0.63833580,0.63833580
31.120000,0.32967425,0.32967425,0.63793957,0.63793957
31.160000,0.29878171,0.29878171,0.63750475,0.63750475
31.200000,0.29928363,0.29928363,0.63707169,0.63707169
31.240000,0.30877866,0.30877866,0.63665188,0.63665188
31.280000,0.31288125,0.31288125,0.63623838,0.63623838
31.320000,0.32372895,0.32372895,0.63583977,0.63583977
31.360000,0.34061981,0.34061981,0.63546369,0.63546369
31.400000,0.33682251,0.33682251,0.63508374,0.63508374
31.440000,0.35132120,0.35132120,0.63472318,0.63472318
31.480000,0.35519343,0.35519343,0.63436844,0.63436844
31.520000,0.35300137,0.35300137,0.63401183,0.63401183
31.560000,0.37857367,0.37857367,0.63368849,0.63368849
31.600000,0.38704328,0.38704328,0.63337668,0.63337668
31.640000,0.40204445,0.40204445,0.63308459,0.63308459
31.680000,0.40507814,0.40507814,0.63279707,0.63279707
31.720000,0.37528740,0.37528740,0.63247275,0.63247275
31.760000,0.35999621,0.35999621,0.63213001,0.63213001
31.800000,0.33204355,0.33204355,0.63175302,0.63175302
31.840000,0.30142847,0.30142847,0.63133856,0.63133856
31.880000,0.31465679,0.31465679,0.63094171,0.63094171
31.920000,0.32562403,0.32562403,0.63055959,0.63055959
31.960000,0.32079573,0.32079573,0.63017238,0.63017238
32.000000,0.30362853,0.30362853,0.62976471,0.62976471
32.040000,0.26819400,0.26819400,0.62931388,0.62931388
32.080000,0.25449797,0.25449797,0.62884711,0.62884711
32.120000,0.25175413,0.25175413,0.62837809,0.62837809
32.160000,0.24403970,0.24403970,0.62790065,0.62790065
32.200000,0.25917090,0.25917090,0.62744317,0.62744317
32.240000,0.27219726,0.27219726,0.62700296,0.62700296
32.280000,0.28529403,0.28529403,0.62658005,0.62658005
32.320000,0.30788831,0.30788831,0.62618612,0.62618612
32.360000,0.34168225,0.34168225,0.62583488,0.62583488
32.400000,0.35922902,0.35922902,0.62550615,0.62550615
32.440000,0.37503055,0.37503055,0.62519768,0.62519768
32.480000,0.38199371,0.38199371,0.62489853,0.62489853
32.520000,0.37392684,0.37392684,0.62459021,0.62459021
32.560000,0.36014593,0.36014593,0.62426574,0.62426574
32.600000,0.35326124,0.35326124,0.62393363,0.62393363
32.640000,0.33877038,0.33877038,0.62358459,0.62358459
32.680000,0.31282047,0.31282047,0.62320469,0.62320469
32.720000,0.29260626,0.29260626,0.62280102,0.62280102
32.760000,0.28593633,0.28593633,0.62239021,0.62239021
32.800000,0.28067491,0.28067491,0.62197400,0.62197400
32.840000,0.28012285,0.28012285,0.62155812,0.62155812
32.880000,0.28952753,0.28952753,0.62115468,0.62115468
32.920000,0.29674422,0.29674422,0.62076098,0.62076098
32.960000,0.30176445,0.30176445,0.62037431,0.62037431
33.000000,0.31826580,0.31826580,0.62000857,0.62000857
33.040000,0.31723870,0.31723870,0.61964246,0.61964246
33.080000,0.32569248,0.32569248,0.61928745,0.61928745
33.120000,0.33365171,0.33365171,0.61894289,0.61894289
33.160000,0.35454804,0.35454804,0.61862434,0.61862434
33.200000,0.35900958,0.35900958,0.61831193,0.61831193
33.240000,0.36884647,0.36884647,0.61801209,0.61801209
33.280000,0.36938986,0.36938986,0.61771363,0.61771363
33.320000,0.37024028,0.37024028,0.61741690,0.61741690
33.360000,0.36231051,0.36231051,0.61711138,0.61711138
33.400000,0.36041918,0.36041918,0.61680433,0.61680433
33.440000,0.37379921,0.37379921,0.61651400,0.61651400
33.480000,0.39669537,0.39669537,0.61625169,0.61625169
33.520000,0.41995688,0.41995688,0.61601773,0.61601773
33.560000,0.44223288,0.44223288,0.61581084,0.61581084
33.600000,0.42317058,0.42317058,0.61558178,0.61558178
33.640000,0.41682896,0.41682896,0.61534573,0.61534573
33.680000,0.42773706,0.42773706,0.61512318,0.61512318
33.720000,0.42090730,0.42090730,0.61489307,0.61489307
33.760000,0.41055362,0.41055362,0.61465125,0.61465125
33.800000,0.39416491,0.39416491,0.61439063,0.61439063
33.840000,0.38763996,0.38763996,0.61412291,0.61412291
33.880000,0.38744554,0.38744554,0.61385561,0.61385561
33.920000,0.38673377,0.38673377,0.61358809,0.61358809
33.960000,0.37944387,0.37944387,0.61331263,0.61331263
34.000000,0.40038924,0.40038924,0.61306242,0.61306242
34.040000,0.41005113,0.41005113,0.61282415,0.61282415
34.080000,0.40615137,0.40615137,0.61258186,0.61258186
34.120000,0.40178848,0.40178848,0.61233503,0.61233503
34.160000,0.37903093,0.37903093,0.61206216,0.61206216
34.200000,0.35435414,0.35435414,0.61176109,0.61176109
34.240000,0.35227693,0.35227693,0.61145831,0.61145831
34.280000,0.36194991,0.36194991,0.61116751,0.61116751
34.320000,0.36610707,0.36610707,0.61088222,0.61088222
34.360000,0.33596059,0.33596059,0.61056255,0.61056255
34.400000,0.31410792,0.31410792,0.61021823,0.61021823
34.440000,0.28787188,0.28787188,0.60984428,0.60984428
34.480000,0.27464761,0.27464761,0.60945587,0.60945587
34.520000,0.26341449,0.26341449,0.60905536,0.60905536
34.560000,0.27126050,0.27126050,0.60866485,0.60866485
34.600000,0.28464930,0.28464930,0.60829070,0.60829070
34.640000,0.29201547,0.29201547,0.60792590,0.60792590
34.680000,0.29127181,0.29127181,0.60756110,0.60756110
34.720000,0.28698613,0.28698613,0.60719219,0.60719219
34.760000,0.26158787,0.26158787,0.60679495,0.60679495
34.800000,0.24366549,0.24366549,0.60637804,0.60637804
34.840000,0.24620307,0.24620307,0.60596499,0.60596499
34.880000,0.21700430,0.21700430,0.60551945,0.60551945
34.920000,0.20505396,0.20505396,0.60506125,0.60506125
34.960000,0.19622337,0.19622337,0.60459401,0.60459401
35.000000,0.19338715,0.19338715,0.60412459,0.60412459
35.040000,0.18224298,0.18224298,0.60364354,0.60364354
35.080000,0.19505232,0.19505232,0.60317817,0.60317817
35.120000,0.20880469,0.20880469,0.60272951,0.60272951
35.160000,0.23495246,0.23495246,0.60231158,0.60231158
35.200000,0.26377811,0.26377811,0.60192732,0.60192732
35.240000,0.27504316,0.27504316,0.60155671,0.60155671
35.280000,0.28185248,0.28185248,0.60119464,0.60119464
35.320000,0.28755256,0.28755256,0.60083984,0.60083984
35.360000,0.27162182,0.27162182,0.60046784,0.60046784
35.400000,0.24617399,0.24617399,0.60006796,0.60006796
35.440000,0.25375353,0.25375353,0.59967753,0.59967753
35.480000,0.26142063,0.26142063,0.59929661,0.59929661
35.520000,0.25731252,0.25731252,0.59891193,0.59891193
35.560000,0.27134190,0.27134190,0.59854387,0.59854387
35.600000,0.26689917,0.26689917,0.59817165,0.59817165
35.640000,0.27163909,0.27163909,0.59780559,0.59780559
35.680000,0.25727932,0.25727932,0.59742426,0.59742426
35.720000,0.24213769,0.24213769,0.59702685,0.59702685
35.760000,0.23379199,0.23379199,0.59662100,0.59662100
35.800000,0.23045426,0.23045426,0.59621233,0.59621233
35.840000,0.21999464,0.21999464,0.59579291,0.59579291
35.880000,0.23574525,0.23574525,0.59539197,0.59539197
35.920000,0.25566510,0.25566510,0.59501407,0.59501407
35.960000,0.27401937,0.27401937,0.59465741,0.59465741
36.000000,0.28226149,0.28226149,0.59431069,0.59431069
36.040000,0.27825170,0.27825170,0.59396029,0.59396029
36.080000,0.26258340,0.26258340,0.59359332,0.59359332
36.120000,0.23797103,0.23797103,0.59319993,0.59319993
36.160000,0.23330443,0.23330443,0.59280226,0.59280226
36.200000,0.21063801,0.21063801,0.59238044,0.59238044
36.240000,0.19376821,0.19376821,0.59194096,0.59194096
36.280000,0.19084624,0.19084624,0.59149922,0.59149922
36.320000,0.20019138,0.20019138,0.59106874,0.59106874
36.360000,0.20606992,0.20606992,0.59064567,0.59064567
36.400000,0.21249753,0.21249753,0.59023058,0.59023058
36.440000,0.23901956,0.23901956,0.58984548,0.58984548
36.480000,0.26248977,0.26248977,0.58948693,0.58948693
36.520000,0.26253414,0.26253414,0.58912921,0.58912921
36.560000,0.25177669,0.25177669,0.58876052,0.58876052
36.600000,0.23122356,0.23122356,0.58837019,0.58837019
36.640000,0.18891764,0.18891764,0.58793459,0.58793459
36.680000,0.17223279,0.17223279,0.58748175,0.58748175
36.720000,0.14958346,0.14958346,0.58700526,0.58700526
36.760000,0.13411387,0.13411387,0.58651298,0.58651298
36.800000,0.14261862,0.14261862,0.58603101,0.58603101
36.840000,0.15826171,0.15826171,0.58556706,0.58556706
36.880000,0.14579249,0.14579249,0.58509059,0.58509059
36.920000,0.12838916,0.12838916,0.58459633,0.58459633
36.960000,0.11217328,0.11217328,0.58408560,0.58408560
37.000000,0.11701945,0.11701945,0.58358121,0.58358121
37.040000,0.12806675,0.12806675,0.58308982,0.58308982
37.080000,0.12746878,0.12746878,0.58259885,0.58259885
37.120000,0.13711515,0.13711515,0.58211932,0.58211932
37.160000,0.16349842,0.16349842,0.58166919,0.58166919
37.200000,0.17859173,0.17859173,0.58123624,0.58123624
37.240000,0.16519971,0.16519971,0.58078985,0.58078985
37.280000,0.15279606,0.15279606,0.58033112,0.58033112
37.320000,0.16368132,0.16368132,0.57988503,0.57988503
37.360000,0.19485876,0.19485876,0.57947324,0.57947324
37.400000,0.20038198,0.20038198,0.57906823,0.57906823
37.440000,0.19302015,0.19302015,0.57865622,0.57865622
37.480000,0.19029712,0.19029712,0.57824219,0.57824219
37.520000,0.17755611,0.17755611,0.57781548,0.57781548
37.560000,0.18190887,0.18190887,0.57739430,0.57739430
37.600000,0.19903228,0.19903228,0.57699221,0.57699221
37.640000,0.18987104,0.18987104,0.57658126,0.57658126
37.680000,0.19867607,0.19867607,0.57618051,0.57618051
37.720000,0.21036796,0.21036796,0.57579300,0.57579300
37.760000,0.20569258,0.20569258,0.57540136,0.57540136
37.800000,0.20402638,0.20402638,0.57500878,0.57500878
37.840000,0.20241067,0.20241067,0.57461533,0.57461533
37.880000,0.19979650,0.19979650,0.57421995,0.57421995
37.920000,0.18282810,0.18282810,0.57380753,0.57380753
37.960000,0.18496695,0.18496695,0.57339822,0.57339822
38.000000,0.17224770,0.17224770,0.57297640,0.57297640
38.040000,0.17356765,0.17356765,0.57255685,0.57255685
38.080000,0.19421982,0.19421982,0.57215986,0.57215986
38.120000,0.18722500,0.18722500,0.57175636,0.57175636
38.160000,0.20802507,0.20802507,0.57137549,0.57137549
38.200000,0.21902614,0.21902614,0.57100693,0.57100693
38.240000,0.23269929,0.23269929,0.57065342,0.57065342
38.280000,0.22164148,0.22164148,0.57028910,0.57028910
38.320000,0.19479484,0.19479484,0.56989756,0.56989756
38.360000,0.16236727,0.16236727,0.56947305,0.56947305
38.400000,0.17266101,0.17266101,0.56906013,0.56906013
38.440000,0.17663973,0.17663973,0.56865221,0.56865221
38.480000,0.18071140,0.18071140,0.56824936,0.56824936
38.520000,0.18155079,0.18155079,0.56784822,0.56784822
38.560000,0.17205379,0.17205379,0.56743807,0.56743807
38.600000,0.16372548,0.16372548,0.56702015,0.56702015
38.640000,0.14024201,0.14024201,0.56657881,0.56657881
38.680000,0.11911179,0.11911179,0.56611655,0.56611655
38.720000,0.09082475,0.09082475,0.56562605,0.56562605
38.760000,0.08254285,0.08254285,0.56512803,0.56512803
38.800000,0.07317475,0.07317475,0.56462138,0.56462138
38.840000,0.06683511,0.06683511,0.56410926,0.56410926
38.880000,0.08113805,0.08113805,0.56361288,0.56361288
38.920000,0.10954585,0.10954585,0.56314670,0.56314670
38.960000,0.14764328,0.14764328,0.56272054,0.56272054
39.000000,0.16599392,0.16599392,0.56231406,0.56231406
39.040000,0.16785666,0.16785666,0.56191031,0.56191031
39.080000,0.17632822,0.17632822,0.56151606,0.56151606
39.120000,0.16903299,0.16903299,0.56111515,0.56111515
39.160000,0.16381521,0.16381521,0.56070975,0.56070975
39.200000,0.17678980,0.17678980,0.56031839,0.56031839
39.240000,0.17723447,0.17723447,0.55992829,0.55992829
39.280000,0.17487996,0.17487996,0.55953658,0.55953658
39.320000,0.17180726,0.17180726,0.55914254,0.55914254
39.360000,0.16761550,0.16761550,0.55874505,0.55874505
39.400000,0.17396932,0.17396932,0.55835482,0.55835482
39.440000,0.17581908,0.17581908,0.55796724,0.55796724
39.480000,0.15780313,0.15780313,0.55756222,0.55756222
39.520000,0.16032005,0.16032005,0.55716056,0.55716056
39.560000,0.15881011,0.15881011,0.55675818,0.55675818
39.600000,0.16934490,0.16934490,0.55636725,0.55636725
39.640000,0.16336735,0.16336735,0.55597108,0.55597108
39.680000,0.16230203,0.16230203,0.55557464,0.55557464
39.720000,0.17006926,0.17006926,0.55518680,0.55518680
39.760000,0.16528553,0.16528553,0.55479494,0.55479494
39.800000,0.16498711,0.16498711,0.55440357,0.55440357
39.840000,0.18402253,0.18402253,0.55403208,0.55403208
39.880000,0.17703162,0.17703162,0.55365432,0.55365432
39.920000,0.17256785,0.17256785,0.55327285,0.55327285
39.960000,0.16184627,0.16184627,0.55288143,0.55288143
40.000000,0.15079144,0.15079144,0.55247974,0.55247974
40.040000,0.13674231,0.13674231,0.55206483,0.55206483
40.080000,0.11637165,0.11637165,0.55163044,0.55163044
40.120000,0.10318251,0.10318251,0.55118378,0.55118378
40.160000,0.09244720,0.09244720,0.55072732,0.55072732
40.200000,0.08236417,0.08236417,0.55026175,0.55026175
40.240000,0.08929803,0.08929803,0.54980399,0.54980399
40.280000,0.12086732,0.12086732,0.54937846,0.54937846
40.320000,0.14214900,0.14214900,0.54897486,0.54897486
40.360000,0.14871112,0.14871112,0.54857856,0.54857856
40.400000,0.14286415,0.14286415,0.54817726,0.54817726
40.440000,0.15455366,0.15455366,0.54778831,0.54778831
40.480000,0.13774076,0.13774076,0.54738352,0.54738352
40.520000,0.13582978,0.13582978,0.54697765,0.54697765
40.560000,0.13666494,0.13666494,0.54657340,0.54657340
40.600000,0.13052225,0.13052225,0.54616390,0.54616390
40.640000,0.12340379,0.12340379,0.54574821,0.54574821
40.680000,0.13623115,0.13623115,0.54534593,0.54534593
40.720000,0.13515100,0.13515100,0.54494339,0.54494339
40.760000,0.13676764,0.13676764,0.54454321,0.54454321
40.800000,0.13752460,0.13752460,0.54414457,0.54414457
40.840000,0.14337899,0.14337899,0.54375243,0.54375243
40.880000,0.16252994,0.16252994,0.54337978,0.54337978
40.920000,0.18429420,0.18429420,0.54302911,0.54302911
40.960000,0.20208456,0.20208456,0.54269648,0.54269648
41.000000,0.20370782,0.20370782,0.54236608,0.54236608
41.040000,0.18783529,0.18783529,0.54202087,0.54202087
41.080000,0.17829762,0.17829762,0.54166705,0.54166705
41.120000,0.15112242,0.15112242,0.54128752,0.54128752
41.160000,0.15078288,0.15078288,0.54090839,0.54090839
41.200000,0.15668609,0.15668609,0.54053572,0.54053572
41.240000,0.17705053,0.17705053,0.54018350,0.54018350
41.280000,0.21388823,0.21388823,0.53986763,0.53986763
41.320000,0.22916837,0.22916837,0.53956715,0.53956715
41.360000,0.24905059,0.24905059,0.53928646,0.53928646
41.400000,0.25634344,0.25634344,0.53901334,0.53901334
41.440000,0.26593664,0.26593664,0.53875001,0.53875001
41.480000,0.26948756,0.26948756,0.53849061,0.53849061
41.520000,0.26019514,0.26019514,0.53822276,0.53822276
41.560000,0.25604362,0.25604362,0.53795143,0.53795143
41.600000,0.26780519,0.26780519,0.53769192,0.53769192
41.640000,0.28682209,0.28682209,0.53745117,0.53745117
41.680000,0.27447832,0.27447832,0.53719903,0.53719903
41.720000,0.28178664,0.28178664,0.53695439,0.53695439
41.760000,0.28185416,0.28185416,0.53671027,0.53671027
41.800000,0.27579041,0.27579041,0.53646083,0.53646083
41.840000,0.26280671,0.26280671,0.53619946,0.53619946
41.880000,0.25953778,0.25953778,0.53593547,0.53593547
41.920000,0.25045955,0.25045955,0.53566333,0.53566333
41.960000,0.25032437,0.25032437,0.53539157,0.53539157
42.000000,0.25806534,0.25806534,0.53512771,0.53512771
42.040000,0.26918850,0.26918850,0.53487491,0.53487491
42.080000,0.29134797,0.29134797,0.53464364,0.53464364
42.120000,0.31030012,0.31030012,0.53443079,0.53443079
42.160000,0.33468263,0.33468263,0.53424146,0.53424146
42.200000,0.35254745,0.35254745,0.53406940,0.53406940
42.240000,0.35208643,0.35208643,0.53389723,0.53389723
42.280000,0.35810133,0.35810133,0.53373107,0.53373107
42.320000,0.37342496,0.37342496,0.53357970,0.53357970
42.360000,0.38511498,0.38511498,0.53343963,0.53343963
42.400000,0.39164940,0.39164940,0.53330600,0.53330600
42.440000,0.40635371,0.40635371,0.53318646,0.53318646
42.480000,0.42112024,0.42112024,0.53308103,0.53308103
42.520000,0.42749757,0.42749757,0.53298180,0.53298180
42.560000,0.42974192,0.42974192,0.53288486,0.53288486
42.600000,0.42172961,0.42172961,0.53278059,0.53278059
42.640000,0.40826175,0.40826175,0.53266389,0.53266389
42.680000,0.37785650,0.37785650,0.53251894,0.53251894
42.720000,0.34031009,0.34031009,0.53233913,0.53233913
42.760000,0.32308207,0.32308207,0.53214357,0.53214357
42.800000,0.30661452,0.30661452,0.53193299,0.53193299
42.840000,0.30243506,0.30243506,0.53171890,0.53171890
42.880000,0.29847442,0.29847442,0.53150153,0.53150153
42.920000,0.27816566,0.27816566,0.53126565,0.53126565
42.960000,0.25471255,0.25471255,0.53100839,0.53100839
43.000000,0.23056805,0.23056805,0.53072917,0.53072917
43.040000,0.21087421,0.21087421,0.53043218,0.53043218
43.080000,0.20910723,0.20910723,0.53013411,0.53013411
43.120000,0.22411125,0.22411125,0.52985049,0.52985049
43.160000,0.22149178,0.22149178,0.52956497,0.52956497
43.200000,0.23621509,0.23621509,0.52929360,0.52929360
43.240000,0.26030640,0.26030640,0.52904500,0.52904500
43.280000,0.29090366,0.29090366,0.52882511,0.52882511
43.320000,0.31580297,0.31580297,0.52862860,0.52862860
43.360000,0.33456423,0.33456423,0.52844973,0.52844973
43.400000,0.32754446,0.32754446,0.52826474,0.52826474
43.440000,0.32892489,0.32892489,0.52808135,0.52808135
43.480000,0.32300902,0.32300902,0.52789287,0.52789287
43.520000,0.34924929,0.34924929,0.52772882,0.52772882
43.560000,0.37361426,0.37361426,0.52758744,0.52758744
43.600000,0.38516390,0.38516390,0.52745689,0.52745689
43.640000,0.38097063,0.38097063,0.52732275,0.52732275
43.680000,0.37809260,0.37809260,0.52718621,0.52718621
43.720000,0.37884644,0.37884644,0.52705062,0.52705062
43.760000,0.37163340,0.37163340,0.52690869,0.52690869
43.800000,0.36136875,0.36136875,0.52675765,0.52675765
43.840000,0.34751192,0.34751192,0.52659425,0.52659425
43.880000,0.33648477,0.33648477,0.52642111,0.52642111
43.920000,0.32104182,0.32104182,0.52623423,0.52623423
43.960000,0.30952870,0.30952870,0.52603722,0.52603722
44.000000,0.28886006,0.28886006,0.52582180,0.52582180
44.040000,0.27450904,0.27450904,0.52559375,0.52559375
44.080000,0.26912252,0.26912252,0.52536123,0.52536123
44.120000,0.26820654,0.26820654,0.52512830,0.52512830
44.160000,0.27937586,0.27937586,0.52490590,0.52490590
44.200000,0.30273967,0.30273967,0.52470503,0.52470503
44.240000,0.31062679,0.31062679,0.52451164,0.52451164
44.280000,0.31986254,0.31986254,0.52432694,0.52432694
44.320000,0.29978198,0.29978198,0.52412447,0.52412447
44.360000,0.30011137,0.30011137,0.52392265,0.52392265
44.400000,0.30759937,0.30759937,0.52372794,0.52372794
44.440000,0.31819540,0.31819540,0.52354311,0.52354311
44.480000,0.34730628,0.34730628,0.52338477,0.52338477
44.520000,0.35686675,0.35686675,0.52323529,0.52323529
44.560000,0.38457065,0.38457065,0.52311093,0.52311093
44.600000,0.38641989,0.38641989,0.52298844,0.52298844
44.640000,0.39941986,0.39941986,0.52287782,0.52287782
44.680000,0.42111652,0.42111652,0.52278680,0.52278680
44.720000,0.41485810,0.41485810,0.52269035,0.52269035
44.760000,0.39267983,0.39267983,0.52257426,0.52257426
44.800000,0.38825395,0.38825395,0.52245444,0.52245444
44.840000,0.36822769,0.36822769,0.52231699,0.52231699
44.880000,0.35996384,0.35996384,0.52217241,0.52217241
44.920000,0.36022687,0.36022687,0.52202834,0.52202834
44.960000,0.38099834,0.38099834,0.52190298,0.52190298
45.000000,0.39175551,0.39175551,0.52178739,0.52178739
45.040000,0.38775452,0.38775452,0.52166846,0.52166846
45.080000,0.36737088,0.36737088,0.52153167,0.52153167
45.120000,0.35159188,0.35159188,0.52138115,0.52138115
45.160000,0.34624776,0.34624776,0.52122617,0.52122617
45.200000,0.34929838,0.34929838,0.52107415,0.52107415
45.240000,0.36334358,0.36334358,0.52093481,0.52093481
45.280000,0.38105566,0.38105566,0.52081135,0.52081135
45.320000,0.40060560,0.40060560,0.52070535,0.52070535
45.360000,0.40339837,0.40339837,0.52060200,0.52060200
45.400000,0.39734739,0.39734739,0.52049350,0.52049350
45.440000,0.37660623,0.37660623,0.52036695,0.52036695
45.480000,0.36505083,0.36505083,0.52023047,0.52023047
45.520000,0.34839111,0.34839111,0.52007960,0.52007960
45.560000,0.31941223,0.31941223,0.51990358,0.51990358
45.600000,0.28798983,0.28798983,0.51970032,0.51970032
45.640000,0.28000106,0.28000106,0.51949043,0.51949043
45.680000,0.27769862,0.27769862,0.51927889,0.51927889
45.720000,0.30300389,0.30300389,0.51908983,0.51908983
45.760000,0.32187235,0.32187235,0.51891759,0.51891759
45.800000,0.31756299,0.31756299,0.51874189,0.51874189
45.840000,0.32225447,0.32225447,0.51857058,0.51857058
45.880000,0.32210152,0.32210152,0.51839944,0.51839944
45.920000,0.30500372,0.30500372,0.51821372,0.51821372
45.960000,0.29508839,0.29508839,0.51801970,0.51801970
46.000000,0.30770407,0.30770407,0.51783697,0.51783697
46.040000,0.32333985,0.32333985,0.51766814,0.51766814
46.080000,0.34463425,0.34463425,0.51751807,0.51751807
46.120000,0.36227945,0.36227945,0.51738355,0.51738355
46.160000,0.38175653,0.38175653,0.51726612,0.51726612
46.200000,0.40573653,0.40573653,0.51716964,0.51716964
46.240000,0.41929931,0.41929931,0.51708505,0.51708505
46.280000,0.40899989,0.40899989,0.51699171,0.51699171
46.320000,0.39639247,0.39639247,0.51688766,0.51688766
46.360000,0.36556403,0.36556403,0.51675721,0.51675721
46.400000,0.34045445,0.34045445,0.51660535,0.51660535
46.440000,0.32363284,0.32363284,0.51643928,0.51643928
46.480000,0.32391323,0.32391323,0.51627374,0.51627374
46.520000,0.35360864,0.35360864,0.51613399,0.51613399
46.560000,0.37189905,0.37189905,0.51601019,0.51601019
46.600000,0.37931496,0.37931496,0.51589295,0.51589295
46.640000,0.40121800,0.40121800,0.51579469,0.51579469
46.680000,0.41263162,0.41263162,0.51570636,0.51570636
46.720000,0.42563583,0.42563583,0.51562931,0.51562931
46.760000,0.43087156,0.43087156,0.51555687,0.51555687
46.800000,0.42190170,0.42190170,0.51547689,0.51547689
46.840000,0.41344456,0.41344456,0.51538983,0.51538983
46.880000,0.38470189,0.38470189,0.51527842,0.51527842
46.920000,0.35414767,0.35414767,0.51514117,0.51514117
46.960000,0.32009384,0.32009384,0.51497517,0.51497517
47.000000,0.32824489,0.32824489,0.51481639,0.51481639
47.040000,0.34813606,0.34813606,0.51467478,0.51467478
47.080000,0.39053395,0.39053395,0.51456939,0.51456939
47.120000,0.39905375,0.39905375,0.51447142,0.51447142
47.160000,0.40478708,0.40478708,0.51437846,0.51437846
47.200000,0.42918696,0.42918696,0.51430633,0.51430633
47.240000,0.45152738,0.45152738,0.51425321,0.51425321
47.280000,0.45905607,0.45905607,0.51420656,0.51420656
47.320000,0.46107192,0.46107192,0.51416168,0.51416168
47.360000,0.45297273,0.45297273,0.51411004,0.51411004
47.400000,0.46071914,0.46071914,0.51406503,0.51406503
47.440000,0.43723205,0.43723205,0.51400030,0.51400030
47.480000,0.41590936,0.41590936,0.51391773,0.51391773
47.520000,0.39739921,0.39739921,0.51381973,0.51381973
47.560000,0.37385778,0.37385778,0.51370212,0.51370212
47.600000,0.34180502,0.34180502,0.51355779,0.51355779
47.640000,0.32184593,0.32184593,0.51339695,0.51339695
47.680000,0.29881919,0.29881919,0.51321709,0.51321709
47.720000,0.29353171,0.29353171,0.51303310,0.51303310
47.760000,0.32012301,0.32012301,0.51287167,0.51287167
47.800000,0.33328797,0.33328797,0.51272151,0.51272151
47.840000,0.32526484,0.32526484,0.51256491,0.51256491
47.880000,0.30859738,0.30859738,0.51239465,0.51239465
47.920000,0.30211983,0.30211983,0.51221928,0.51221928
47.960000,0.30233154,0.30233154,0.51204437,0.51204437
48.000000,0.31749238,0.31749238,0.51188238,0.51188238
48.040000,0.34804504,0.34804504,0.51174607,0.51174607
48.080000,0.36406677,0.36406677,0.51162332,0.51162332
48.120000,0.36974066,0.36974066,0.51150547,0.51150547
48.160000,0.35331362,0.35331362,0.51137419,0.51137419
48.200000,0.33892588,0.33892588,0.51123120,0.51123120
48.240000,0.32748428,0.32748428,0.51107897,0.51107897
48.280000,0.31595800,0.31595800,0.51091744,0.51091744
48.320000,0.32146821,0.32146821,0.51076074,0.51076074
48.360000,0.33375833,0.33375833,0.51061446,0.51061446
48.400000,0.36009480,0.36009480,0.51049017,0.51049017
48.440000,0.37325105,0.37325105,0.51037693,0.51037693
48.480000,0.37352233,0.37352233,0.51026411,0.51026411
48.520000,0.34417150,0.34417150,0.51012730,0.51012730
48.560000,0.31553029,0.31553029,0.50996713,0.50996713
48.600000,0.32564562,0.32564562,0.50981555,0.50981555
48.640000,0.34424081,0.34424081,0.50967950,0.50967950
48.680000,0.35642608,0.35642608,0.50955368,0.50955368
48.720000,0.38617664,0.38617664,0.50945247,0.50945247
48.760000,0.38360694,0.38360694,0.50934931,0.50934931
48.800000,0.36984393,0.36984393,0.50923506,0.50923506
48.840000,0.39814111,0.39814111,0.50914415,0.50914415
48.880000,0.41652781,0.41652781,0.50906842,0.50906842
48.920000,0.43769375,0.43769375,0.50901011,0.50901011
48.960000,0.44056671,0.44056671,0.50895423,0.50895423
49.000000,0.41802055,0.41802055,0.50888006,0.50888006
49.040000,0.39327674,0.39327674,0.50878585,0.50878585
49.080000,0.37249471,0.37249471,0.50867486,0.50867486
49.120000,0.33606621,0.33606621,0.50853441,0.50853441
49.160000,0.32360796,0.32360796,0.50838407,0.50838407
49.200000,0.32000178,0.32000178,0.50823104,0.50823104
49.240000,0.33087086,0.33087086,0.50808707,0.50808707
49.280000,0.33471484,0.33471484,0.50794646,0.50794646
49.320000,0.32108011,0.32108011,0.50779503,0.50779503
49.360000,0.30943495,0.30943495,0.50763442,0.50763442
49.400000,0.32631932,0.32631932,0.50748772,0.50748772
49.440000,0.35144472,0.35144472,0.50736158,0.50736158
49.480000,0.38931971,0.38931971,0.50726623,0.50726623
49.520000,0.41004749,0.41004749,0.50718776,0.50718776
49.560000,0.40913925,0.40913925,0.50710869,0.50710869
49.600000,0.41583278,0.41583278,0.50703514,0.50703514
49.640000,0.42329888,0.42329888,0.50696772,0.50696772
49.680000,0.44139632,0.44139632,0.50691497,0.50691497
49.720000,0.44050350,0.44050350,0.50686158,0.50686158
49.760000,0.43063567,0.43063567,0.50680036,0.50680036
49.800000,0.40249190,0.40249190,0.50671664,0.50671664
49.840000,0.37865950,0.37865950,0.50661395,0.50661395
49.880000,0.35127575,0.35127575,0.50648948,0.50648948
49.920000,0.34802362,0.34802362,0.50636261,0.50636261
49.960000,0.35251686,0.35251686,0.50623953,0.50623953
50.000000,0.35262966,0.35262966,0.50611674,0.50611674
50.040000,0.34829691,0.34829691,0.50599069,0.50599069
50.080000,0.35550925,0.35550925,0.50587059,0.50587059
50.120000,0.36388541,0.36388541,0.50575736,0.50575736
50.160000,0.35836106,0.35836106,0.50563992,0.50563992
50.200000,0.35189993,0.35189993,0.50551751,0.50551751
50.240000,0.34647166,0.34647166,0.50539098,0.50539098
50.280000,0.32884059,0.32884059,0.50525064,0.50525064
50.320000,0.30991261,0.30991261,0.50509549,0.50509549
50.360000,0.30706310,0.30706310,0.50493832,0.50493832
50.400000,0.31322329,0.31322329,0.50478628,0.50478628
50.440000,0.31585179,0.31585179,0.50463657,0.50463657
50.480000,0.33275106,0.33275106,0.50450048,0.50450048
50.520000,0.33369304,0.33369304,0.50436535,0.50436535
50.560000,0.34635008,0.34635008,0.50424044,0.50424044
50.600000,0.34601763,0.34601763,0.50411546,0.50411546
50.640000,0.36062222,0.36062222,0.50400220,0.50400220
50.680000,0.37999707,0.37999707,0.50390441,0.50390441
50.720000,0.38297140,0.38297140,0.50380911,0.50380911
50.760000,0.38638764,0.38638764,0.50371665,0.50371665
50.800000,0.38010686,0.38010686,0.50361940,0.50361940
50.840000,0.36421017,0.36421017,0.50350980,0.50350980
50.880000,0.35198272,0.35198272,0.50339077,0.50339077
50.920000,0.33843118,0.33843118,0.50326129,0.50326129
50.960000,0.33584341,0.33584341,0.50312998,0.50312998
51.000000,0.33858873,0.33858873,0.50300103,0.50300103
51.040000,0.33293770,0.33293770,0.50286785,0.50286785
51.080000,0.32520220,0.32520220,0.50272883,0.50272883
51.120000,0.34631157,0.34631157,0.50260654,0.50260654
51.160000,0.37802440,0.37802440,0.50250921,0.50250921
51.200000,0.41104590,0.41104590,0.50243781,0.50243781
51.240000,0.41595267,0.41595267,0.50237035,0.50237035
51.280000,0.41351712,0.41351712,0.50230109,0.50230109
51.320000,0.39148775,0.39148775,0.50221479,0.50221479
51.360000,0.37738155,0.37738155,0.50211764,0.50211764
51.400000,0.37257467,0.37257467,0.50201691,0.50201691
51.440000,0.38059725,0.38059725,0.50192257,0.50192257
51.480000,0.38712111,0.38712111,0.50183343,0.50183343
51.520000,0.40355025,0.40355025,0.50175719,0.50175719
51.560000,0.40896551,0.40896551,0.50168526,0.50168526
51.600000,0.38182111,0.38182111,0.50159241,0.50159241
51.640000,0.37178115,0.37178115,0.50149194,0.50149194
51.680000,0.37059251,0.37059251,0.50139070,0.50139070
51.720000,0.35200344,0.35200344,0.50127525,0.50127525
51.760000,0.36650581,0.36650581,0.50117118,0.50117118
51.800000,0.38337047,0.38337047,0.50108029,0.50108029
51.840000,0.38495451,0.38495451,0.50099075,0.50099075
51.880000,0.38101060,0.38101060,0.50089832,0.50089832
51.920000,0.37307241,0.37307241,0.50079992,0.50079992
51.960000,0.36910212,0.36910212,0.50069861,0.50069861
52.000000,0.37515970,0.37515970,0.50060212,0.50060212
52.040000,0.36608352,0.36608352,0.50049880,0.50049880
52.080000,0.37989179,0.37989179,0.50040624,0.50040624
52.120000,0.37543036,0.37543036,0.50031040,0.50031040
52.160000,0.35168475,0.35168475,0.50019651,0.50019651
52.200000,0.37107346,0.37107346,0.50009764,0.50009764
52.240000,0.37321341,0.37321341,0.50000056,0.50000056
52.280000,0.38044505,0.38044505,0.49990916,0.49990916
52.320000,0.37842714,0.37842714,0.49981635,0.49981635
52.360000,0.37322861,0.37322861,0.49971972,0.49971972
52.400000,0.35635293,0.35635293,0.49961036,0.49961036
52.440000,0.34896192,0.34896192,0.49949554,0.49949554
52.480000,0.33802531,0.33802531,0.49937256,0.49937256
52.520000,0.34058226,0.34058226,0.49925172,0.49925172
52.560000,0.33766110,0.33766110,0.49912883,0.49912883
52.600000,0.35064201,0.35064201,0.49901600,0.49901600
52.640000,0.36846333,0.36846333,0.49891687,0.49891687
52.680000,0.37064527,0.37064527,0.49881955,0.49881955
52.720000,0.35633360,0.35633360,0.49871152,0.49871152
52.760000,0.33998317,0.33998317,0.49859127,0.49859127
52.800000,0.35839581,0.35839581,0.49848515,0.49848515
52.840000,0.36878093,0.36878093,0.49838703,0.49838703
52.880000,0.39711012,0.39711012,0.49831048,0.49831048
52.920000,0.38750573,0.38750573,0.49822679,0.49822679
52.960000,0.38072732,0.38072732,0.49813811,0.49813811
53.000000,0.35903410,0.35903410,0.49803321,0.49803321
53.040000,0.33851948,0.33851948,0.49791300,0.49791300
53.080000,0.32314830,0.32314830,0.49778140,0.49778140
53.120000,0.31957156,0.31957156,0.49764731,0.49764731
53.160000,0.31853907,0.31853907,0.49751264,0.49751264
53.200000,0.30836074,0.30836074,0.49737053,0.49737053
53.240000,0.29115957,0.29115957,0.49721572,0.49721572
53.280000,0.30009317,0.30009317,0.49706784,0.49706784
53.320000,0.30363566,0.30363566,0.49692284,0.49692284
53.360000,0.30201101,0.30201101,0.49677683,0.49677683
53.400000,0.30343341,0.30343341,0.49663212,0.49663212
53.440000,0.27940026,0.27940026,0.49646964,0.49646964
53.480000,0.27386094,0.27386094,0.49630327,0.49630327
53.520000,0.26796038,0.26796038,0.49613273,0.49613273
53.560000,0.27384539,0.27384539,0.49596685,0.49596685
53.600000,0.27500045,0.27500045,0.49580207,0.49580207
53.640000,0.26701150,0.26701150,0.49563158,0.49563158
53.680000,0.25983823,0.25983823,0.49545601,0.49545601
53.720000,0.25807229,0.25807229,0.49527939,0.49527939
53.760000,0.24746657,0.24746657,0.49509514,0.49509514
53.800000,0.24931185,0.24931185,0.49491254,0.49491254
53.840000,0.23889126,0.23889126,0.49472247,0.49472247
53.880000,0.23302713,0.23302713,0.49452833,0.49452833
53.920000,0.23642780,0.23642780,0.49433701,0.49433701
53.960000,0.21358389,0.21358389,0.49412904,0.49412904
54.000000,0.21153288,0.21153288,0.49391987,0.49391987
54.040000,0.22216840,0.22216840,0.49371887,0.49371887
54.080000,0.21810936,0.21810936,0.49351516,0.49351516
54.120000,0.23179431,0.23179431,0.49332187,0.49332187
54.160000,0.26160749,0.26160749,0.49315086,0.49315086
54.200000,0.28030100,0.28030100,0.49299389,0.49299389
54.240000,0.29427731,0.29427731,0.49284746,0.49284746
54.280000,0.30519882,0.30519882,0.49270928,0.49270928
54.320000,0.29726848,0.29726848,0.49256546,0.49256546
54.360000,0.27565582,0.27565582,0.49240597,0.49240597
54.400000,0.25503930,0.25503930,0.49223156,0.49223156
54.440000,0.23792951,0.23792951,0.49204485,0.49204485
54.480000,0.23390418,0.23390418,0.49185546,0.49185546
54.520000,0.24704069,0.24704069,0.49167598,0.49167598
54.560000,0.26536981,0.26536981,0.49151019,0.49151019
54.600000,0.27146618,0.27146618,0.49134910,0.49134910
54.640000,0.27473048,0.27473048,0.49119064,0.49119064
54.680000,0.26585972,0.26585972,0.49102592,0.49102592
54.720000,0.24026749,0.24026749,0.49084275,0.49084275
54.760000,0.24632090,0.24632090,0.49066427,0.49066427
54.800000,0.25728270,0.25728270,0.49049404,0.49049404
54.840000,0.26942404,0.26942404,0.49033291,0.49033291
54.880000,0.26998840,0.26998840,0.49017243,0.49017243
54.920000,0.26059970,0.26059970,0.49000534,0.49000534
54.960000,0.25203053,0.25203053,0.48983227,0.48983227
55.000000,0.25762682,0.25762682,0.48966352,0.48966352
55.040000,0.26427059,0.26427059,0.48949983,0.48949983
55.080000,0.25363906,0.25363906,0.48932867,0.48932867
55.120000,0.24714915,0.24714915,0.48915305,0.48915305
55.160000,0.24586816,0.24586816,0.48897676,0.48897676
55.200000,0.25185409,0.25185409,0.48880506,0.48880506
55.240000,0.25376127,0.25376127,0.48863498,0.48863498
55.280000,0.25316735,0.25316735,0.48846472,0.48846472
55.320000,0.24154849,0.24154849,0.48828631,0.48828631
55.360000,0.25172361,0.25172361,0.48811551,0.48811551
55.400000,0.25413520,0.25413520,0.48794669,0.48794669
55.440000,0.24881550,0.24881550,0.48777428,0.48777428
55.480000,0.24324321,0.24324321,0.48759811,0.48759811
55.520000,0.24684008,0.24684008,0.48742478,0.48742478
55.560000,0.25896546,0.25896546,0.48726042,0.48726042
55.600000,0.29276980,0.29276980,0.48712060,0.48712060
55.640000,0.31948829,0.31948829,0.48700017,0.48700017
55.680000,0.32979873,0.32979873,0.48688732,0.48688732
55.720000,0.34840130,0.34840130,0.48678798,0.48678798
55.760000,0.34578035,0.34578035,0.48668690,0.48668690
55.800000,0.33056483,0.33056483,0.48657506,0.48657506
55.840000,0.32079939,0.32079939,0.48645640,0.48645640
55.880000,0.33947798,0.33947798,0.48635126,0.48635126
55.920000,0.34397011,0.34397011,0.48624949,0.48624949
55.960000,0.34723765,0.34723765,0.48615019,0.48615019
56.000000,0.33052510,0.33052510,0.48603911,0.48603911
56.040000,0.32061753,0.32061753,0.48592112,0.48592112
56.080000,0.30526483,0.30526483,0.48579236,0.48579236
56.120000,0.30291742,0.30291742,0.48566210,0.48566210
56.160000,0.31955490,0.31955490,0.48554388,0.48554388
56.200000,0.32518835,0.32518835,0.48542983,0.48542983
56.240000,0.33030837,0.33030837,0.48531958,0.48531958
56.280000,0.31202949,0.31202949,0.48519650,0.48519650
56.320000,0.28309018,0.28309018,0.48505306,0.48505306
56.360000,0.27288144,0.27288144,0.48490259,0.48490259
56.400000,0.28247815,0.28247815,0.48475913,0.48475913
56.440000,0.28719191,0.28719191,0.48461921,0.48461921
56.480000,0.27147383,0.27147383,0.48446836,0.48446836
56.520000,0.26779732,0.26779732,0.48431513,0.48431513
56.560000,0.26495368,0.26495368,0.48416010,0.48416010
56.600000,0.27394431,0.27394431,0.48401164,0.48401164
56.640000,0.27295411,0.27295411,0.48386270,0.48386270
56.680000,0.25425131,0.25425131,0.48370077,0.48370077
56.720000,0.25275474,0.25275474,0.48353802,0.48353802
56.760000,0.26407609,0.26407609,0.48338347,0.48338347
56.800000,0.27800985,0.27800985,0.48323894,0.48323894
56.840000,0.27981873,0.27981873,0.48309589,0.48309589
56.880000,0.29403723,0.29403723,0.48296303,0.48296303
56.920000,0.30906272,0.30906272,0.48284091,0.48284091
56.960000,0.32611945,0.32611945,0.48273093,0.48273093
57.000000,0.34608260,0.34608260,0.48263510,0.48263510
57.040000,0.36208498,0.36208498,0.48255062,0.48255062
57.080000,0.35085555,0.35085555,0.48245840,0.48245840
57.120000,0.33106215,0.33106215,0.48235245,0.48235245
57.160000,0.32884686,0.32884686,0.48224511,0.48224511
57.200000,0.32475178,0.32475178,0.48213505,0.48213505
57.240000,0.30688654,0.30688654,0.48201267,0.48201267
57.280000,0.29118936,0.29118936,0.48187951,0.48187951
57.320000,0.26632617,0.26632617,0.48172919,0.48172919
57.360000,0.25530149,0.25530149,0.48157140,0.48157140
57.400000,0.24880985,0.24880985,0.48140931,0.48140931
57.440000,0.24439622,0.24439622,0.48124437,0.48124437
57.480000,0.23049261,0.23049261,0.48107000,0.48107000
57.520000,0.23107535,0.23107535,0.48089627,0.48089627
57.560000,0.23337204,0.23337204,0.48072438,0.48072438
57.600000,0.24701919,0.24701919,0.48056220,0.48056220
57.640000,0.26251073,0.26251073,0.48041098,0.48041098
57.680000,0.28184812,0.28184812,0.48027338,0.48027338
57.720000,0.29643956,0.29643956,0.48014607,0.48014607
57.760000,0.32964196,0.32964196,0.48004191,0.48004191
57.800000,0.34305802,0.34305802,0.47994718,0.47994718
57.840000,0.34879018,0.34879018,0.47985654,0.47985654
57.880000,0.35319495,0.35319495,0.47976907,0.47976907
57.920000,0.34305421,0.34305421,0.47967471,0.47967471
57.960000,0.34341050,0.34341050,0.47958074,0.47958074
58.000000,0.35864157,0.35864157,0.47949739,0.47949739
58.040000,0.37305215,0.37305215,0.47942408,0.47942408
58.080000,0.36163792,0.36163792,0.47934302,0.47934302
58.120000,0.35809632,0.35809632,0.47925963,0.47925963
58.160000,0.33183930,0.33183930,0.47915831,0.47915831
58.200000,0.28802326,0.28802326,0.47902703,0.47902703
58.240000,0.23932644,0.23932644,0.47886252,0.47886252
58.280000,0.20472838,0.20472838,0.47867450,0.47867450
58.320000,0.20450755,0.20450755,0.47848658,0.47848658
58.360000,0.19104284,0.19104284,0.47828970,0.47828970
58.400000,0.18162697,0.18162697,0.47808665,0.47808665
58.440000,0.17546599,0.17546599,0.47787966,0.47787966
58.480000,0.18414359,0.18414359,0.47767888,0.47767888
58.520000,0.18459070,0.18459070,0.47747869,0.47747869
58.560000,0.19383139,0.19383139,0.47728507,0.47728507
58.600000,0.20577745,0.20577745,0.47709987,0.47709987
58.640000,0.20908167,0.20908167,0.47691717,0.47691717
58.680000,0.19773646,0.19773646,0.47672699,0.47672699
58.720000,0.18740662,0.18740662,0.47653004,0.47653004
58.760000,0.16995757,0.16995757,0.47632149,0.47632149
58.800000,0.17263420,0.17263420,0.47611504,0.47611504
58.840000,0.17127896,0.17127896,0.47590795,0.47590795
58.880000,0.16055203,0.16055203,0.47569386,0.47569386
58.920000,0.15024832,0.15024832,0.47547307,0.47547307
58.960000,0.15609769,0.15609769,0.47525654,0.47525654
59.000000,0.15170353,0.15170353,0.47503733,0.47503733
59.040000,0.16372752,0.16372752,0.47482656,0.47482656
59.080000,0.17663499,0.17663499,0.47462481,0.47462481
59.120000,0.17708351,0.17708351,0.47442363,0.47442363
59.160000,0.18008734,0.18008734,0.47422475,0.47422475
59.200000,0.18124759,0.18124759,0.47402693,0.47402693
59.240000,0.18678443,0.18678443,0.47383311,0.47383311
59.280000,0.18831557,0.18831557,0.47364058,0.47364058
59.320000,0.18450300,0.18450300,0.47344574,0.47344574
59.360000,0.19100387,0.19100387,0.47325555,0.47325555
59.400000,0.17190942,0.17190942,0.47305276,0.47305276
59.440000,0.14849571,0.14849571,0.47283449,0.47283449
59.480000,0.12885610,0.12885610,0.47260333,0.47260333
59.520000,0.12947054,0.12947054,0.47237288,0.47237288
59.560000,0.13802835,0.13802835,0.47214849,0.47214849
59.600000,0.14799796,0.14799796,0.47193108,0.47193108
59.640000,0.16336182,0.16336182,0.47172427,0.47172427
59.680000,0.16742009,0.16742009,0.47152045,0.47152045
59.720000,0.16237326,0.16237326,0.47131352,0.47131352
59.760000,0.16494558,0.16494558,0.47110859,0.47110859
59.800000,0.16115850,0.16115850,0.47090141,0.47090141
59.840000,0.16080965,0.16080965,0.47069427,0.47069427
59.880000,0.15794311,0.15794311,0.47048549,0.47048549
59.920000,0.17087531,0.17087531,0.47028561,0.47028561
59.960000,0.18698315,0.18698315,0.47009674,0.47009674
60.000000,0.19915469,0.19915469,0.46991624,0.46991624